2026-05-05 00:11:45,000 - src.core.dependencies - INFO - Все зависимости установлены.
2026-05-05 00:11:45,004 - src.ui.main_window - INFO - Система готова к подключению. Нажмите кнопку 'Подключить'.
2026-05-05 00:15:59,064 - src.core.dependencies - INFO - Все зависимости установлены.
2026-05-05 00:15:59,070 - src.ui.main_window - INFO - Система готова к подключению. Нажмите кнопку 'Подключить'.
2026-05-05 00:16:00,833 - src.ui.main_window - INFO - Попытка подключения к Power BI...
2026-05-05 00:16:00,847 - azure.identity._internal.decorators - WARNING - AzureCliCredential.get_token failed: Azure CLI not found on path
2026-05-05 00:16:00,883 - azure.core.pipeline.policies.http_logging_policy - INFO - Request URL: 'https://login.microsoftonline.com/organizations/v2.0/.well-known/openid-configuration'
Request method: 'GET'
Request headers:
    'User-Agent': 'azsdk-python-identity/1.25.3 Python/3.13.13 (Windows-10-10.0.19045-SP0)'
No body was attached to the request
2026-05-05 00:16:01,757 - azure.core.pipeline.policies.http_logging_policy - INFO - Response status: 200
Response headers:
    'Cache-Control': 'max-age=86400, private'
    'Content-Type': 'application/json; charset=utf-8'
    'Strict-Transport-Security': 'REDACTED'
    'X-Content-Type-Options': 'REDACTED'
    'Access-Control-Allow-Origin': 'REDACTED'
    'Access-Control-Allow-Methods': 'REDACTED'
    'P3P': 'REDACTED'
    'x-ms-request-id': 'affcfb92-6858-49ae-82a0-7ff529020101'
    'x-ms-ests-server': 'REDACTED'
    'x-ms-srs': 'REDACTED'
    'Content-Security-Policy-Report-Only': 'REDACTED'
    'X-XSS-Protection': 'REDACTED'
    'Set-Cookie': 'REDACTED'
    'Date': 'Mon, 04 May 2026 19:16:01 GMT'
    'Content-Length': '1777'
2026-05-05 00:16:10,663 - azure.core.pipeline.policies.http_logging_policy - INFO - Request URL: 'https://login.microsoftonline.com/organizations/oauth2/v2.0/token'
Request method: 'POST'
Request headers:
    'Content-Type': 'application/x-www-form-urlencoded'
    'Accept': 'application/json'
    'x-client-sku': 'REDACTED'
    'x-client-ver': 'REDACTED'
    'x-client-os': 'REDACTED'
    'x-ms-lib-capability': 'REDACTED'
    'client-request-id': 'REDACTED'
    'x-client-current-telemetry': 'REDACTED'
    'x-client-last-telemetry': 'REDACTED'
    'X-AnchorMailbox': 'REDACTED'
    'User-Agent': 'azsdk-python-identity/1.25.3 Python/3.13.13 (Windows-10-10.0.19045-SP0)'
A body is sent with the request
2026-05-05 00:16:10,913 - azure.core.pipeline.policies.http_logging_policy - INFO - Response status: 200
Response headers:
    'Cache-Control': 'no-store, no-cache'
    'Pragma': 'no-cache'
    'Content-Type': 'application/json; charset=utf-8'
    'Expires': '-1'
    'Strict-Transport-Security': 'REDACTED'
    'X-Content-Type-Options': 'REDACTED'
    'x-ms-clientdata': 'REDACTED'
    'P3P': 'REDACTED'
    'client-request-id': 'REDACTED'
    'x-ms-request-id': '73200fc0-e464-47fe-af60-8fb868670e00'
    'x-ms-ests-server': 'REDACTED'
    'x-ms-clitelem': 'REDACTED'
    'x-ms-srs': 'REDACTED'
    'Content-Security-Policy-Report-Only': 'REDACTED'
    'X-XSS-Protection': 'REDACTED'
    'Set-Cookie': 'REDACTED'
    'Date': 'Mon, 04 May 2026 19:16:10 GMT'
    'Content-Length': '6263'
2026-05-05 00:16:10,914 - azure.identity._internal.interactive - INFO - InteractiveBrowserCredential.get_token succeeded
2026-05-05 00:16:10,915 - src.core.powerbi_client - INFO - Аутентификация через Interactive Browser успешна.
2026-05-05 00:16:10,915 - src.ui.main_window - INFO - ✓ Аутентификация успешна (метод: Interactive Browser)
2026-05-05 00:16:12,411 - src.ui.main_window - INFO - ✓ Загружено рабочих областей: 2
2026-05-05 00:16:12,413 - src.ui.main_window - INFO - Выбрана рабочая область: PROFISOFT
2026-05-05 00:16:12,414 - src.ui.main_window - INFO - Загрузка датасетов из рабочей области 694c8d4f-65f6-45f1-95a2-0edbc610db4c...
2026-05-05 00:16:12,671 - src.ui.main_window - INFO - ✓ Загружено датасетов: 13
2026-05-05 00:16:12,676 - src.ui.main_window - INFO - UI обновлен для состояния 'подключено'
2026-05-05 00:16:12,676 - src.ui.main_window - INFO - Загрузка датасетов из рабочей области 694c8d4f-65f6-45f1-95a2-0edbc610db4c...
2026-05-05 00:16:12,809 - src.ui.main_window - INFO - ✓ Загружено датасетов: 13
2026-05-05 00:16:27,890 - src.ui.main_window - INFO - Загрузка датасетов из рабочей области 694c8d4f-65f6-45f1-95a2-0edbc610db4c...
2026-05-05 00:16:28,034 - src.ui.main_window - INFO - ✓ Загружено датасетов: 13
2026-05-05 00:16:31,585 - src.ui.main_window - INFO - Обновление списка рабочих областей...
2026-05-05 00:16:31,733 - src.ui.main_window - INFO - ✓ Загружено рабочих областей: 2
2026-05-05 00:16:31,733 - src.ui.main_window - INFO - Выбрана рабочая область: PROFISOFT
2026-05-05 00:16:31,733 - src.ui.main_window - INFO - Загрузка датасетов из рабочей области 694c8d4f-65f6-45f1-95a2-0edbc610db4c...
2026-05-05 00:16:31,865 - src.ui.main_window - INFO - ✓ Загружено датасетов: 13
2026-05-05 00:16:31,867 - src.ui.main_window - INFO - Загрузка датасетов из рабочей области 694c8d4f-65f6-45f1-95a2-0edbc610db4c...
2026-05-05 00:16:31,999 - src.ui.main_window - INFO - ✓ Загружено датасетов: 13
2026-05-05 00:44:34,061 - src.core.dependencies - INFO - Все зависимости установлены.
2026-05-05 00:44:34,064 - src.ui.methods.ui_state - INFO - Система готова к подключению. Нажмите кнопку 'Подключить'.
2026-05-05 00:44:35,424 - src.ui.methods.ui_state - INFO - Попытка подключения к Power BI...
2026-05-05 00:44:35,438 - azure.identity._internal.decorators - WARNING - AzureCliCredential.get_token failed: Azure CLI not found on path
2026-05-05 00:44:35,457 - azure.core.pipeline.policies.http_logging_policy - INFO - Request URL: 'https://login.microsoftonline.com/organizations/v2.0/.well-known/openid-configuration'
Request method: 'GET'
Request headers:
    'User-Agent': 'azsdk-python-identity/1.25.3 Python/3.14.3 (Windows-10-10.0.19045-SP0)'
No body was attached to the request
2026-05-05 00:44:36,337 - azure.core.pipeline.policies.http_logging_policy - INFO - Response status: 200
Response headers:
    'Cache-Control': 'max-age=86400, private'
    'Content-Type': 'application/json; charset=utf-8'
    'Strict-Transport-Security': 'REDACTED'
    'X-Content-Type-Options': 'REDACTED'
    'Access-Control-Allow-Origin': 'REDACTED'
    'Access-Control-Allow-Methods': 'REDACTED'
    'P3P': 'REDACTED'
    'x-ms-request-id': 'bdbd1903-76e7-47d2-ba86-63dc0d724500'
    'x-ms-ests-server': 'REDACTED'
    'x-ms-srs': 'REDACTED'
    'Content-Security-Policy-Report-Only': 'REDACTED'
    'X-XSS-Protection': 'REDACTED'
    'Set-Cookie': 'REDACTED'
    'Date': 'Mon, 04 May 2026 19:44:35 GMT'
    'Content-Length': '1777'
2026-05-05 00:44:47,566 - azure.core.pipeline.policies.http_logging_policy - INFO - Request URL: 'https://login.microsoftonline.com/organizations/oauth2/v2.0/token'
Request method: 'POST'
Request headers:
    'Content-Type': 'application/x-www-form-urlencoded'
    'Accept': 'application/json'
    'x-client-sku': 'REDACTED'
    'x-client-ver': 'REDACTED'
    'x-client-os': 'REDACTED'
    'x-ms-lib-capability': 'REDACTED'
    'client-request-id': 'REDACTED'
    'x-client-current-telemetry': 'REDACTED'
    'x-client-last-telemetry': 'REDACTED'
    'X-AnchorMailbox': 'REDACTED'
    'User-Agent': 'azsdk-python-identity/1.25.3 Python/3.14.3 (Windows-10-10.0.19045-SP0)'
A body is sent with the request
2026-05-05 00:44:47,758 - azure.core.pipeline.policies.http_logging_policy - INFO - Response status: 200
Response headers:
    'Cache-Control': 'no-store, no-cache'
    'Pragma': 'no-cache'
    'Content-Type': 'application/json; charset=utf-8'
    'Expires': '-1'
    'Strict-Transport-Security': 'REDACTED'
    'X-Content-Type-Options': 'REDACTED'
    'x-ms-clientdata': 'REDACTED'
    'P3P': 'REDACTED'
    'client-request-id': 'REDACTED'
    'x-ms-request-id': '1ff3b1d3-0218-4a40-a4bf-0bb630e96b00'
    'x-ms-ests-server': 'REDACTED'
    'x-ms-clitelem': 'REDACTED'
    'x-ms-srs': 'REDACTED'
    'Content-Security-Policy-Report-Only': 'REDACTED'
    'X-XSS-Protection': 'REDACTED'
    'Set-Cookie': 'REDACTED'
    'Date': 'Mon, 04 May 2026 19:44:47 GMT'
    'Content-Length': '6267'
2026-05-05 00:44:47,761 - azure.identity._internal.interactive - INFO - InteractiveBrowserCredential.get_token succeeded
2026-05-05 00:44:47,763 - src.core.powerbi_client - INFO - Аутентификация через Interactive Browser успешна.
2026-05-05 00:44:47,763 - src.ui.methods.ui_state - INFO - ✓ Аутентификация успешна (метод: Interactive Browser)
2026-05-05 00:44:48,940 - src.ui.methods.ui_state - INFO - ✓ Загружено рабочих областей: 2
2026-05-05 00:44:48,943 - src.ui.methods.ui_state - INFO - Выбрана рабочая область: PROFISOFT
2026-05-05 00:44:48,943 - src.ui.methods.ui_state - INFO - Загрузка датасетов из рабочей области 694c8d4f-65f6-45f1-95a2-0edbc610db4c...
2026-05-05 00:44:49,087 - src.ui.methods.ui_state - INFO - ✓ Загружено датасетов: 13
2026-05-05 00:44:49,095 - src.ui.methods.ui_state - INFO - UI обновлен для состояния 'подключено'
2026-05-05 00:44:49,096 - src.ui.methods.ui_state - INFO - Загрузка датасетов из рабочей области 694c8d4f-65f6-45f1-95a2-0edbc610db4c...
2026-05-05 00:44:49,235 - src.ui.methods.ui_state - INFO - ✓ Загружено датасетов: 13
2026-05-05 00:44:52,632 - src.ui.methods.ui_state - INFO - Обновление списка рабочих областей...
2026-05-05 00:44:52,762 - src.ui.methods.ui_state - INFO - ✓ Загружено рабочих областей: 2
2026-05-05 00:44:52,763 - src.ui.methods.ui_state - INFO - Выбрана рабочая область: PROFISOFT
2026-05-05 00:44:52,764 - src.ui.methods.ui_state - INFO - Загрузка датасетов из рабочей области 694c8d4f-65f6-45f1-95a2-0edbc610db4c...
2026-05-05 00:44:52,916 - src.ui.methods.ui_state - INFO - ✓ Загружено датасетов: 13
2026-05-05 00:44:52,922 - src.ui.methods.ui_state - INFO - Загрузка датасетов из рабочей области 694c8d4f-65f6-45f1-95a2-0edbc610db4c...
2026-05-05 00:44:53,051 - src.ui.methods.ui_state - INFO - ✓ Загружено датасетов: 13
2026-05-05 00:44:54,617 - src.ui.methods.ui_state - INFO - Загрузка датасетов из рабочей области 694c8d4f-65f6-45f1-95a2-0edbc610db4c...
2026-05-05 00:44:54,760 - src.ui.methods.ui_state - INFO - ✓ Загружено датасетов: 13
2026-05-05 00:44:58,089 - src.ui.methods.ui_state - INFO - ✓ Мониторинг запущен (интервал: 60 сек)
2026-05-05 00:44:58,089 - src.ui.methods.ui_state - INFO - Обновление данных...
2026-05-05 00:44:58,089 - src.ui.methods.ui_state - INFO - Загрузка датасетов из рабочей области 694c8d4f-65f6-45f1-95a2-0edbc610db4c...
2026-05-05 00:44:58,228 - src.ui.methods.ui_state - INFO - ✓ Загружено датасетов: 13
2026-05-05 00:44:58,229 - src.ui.methods.ui_state - INFO - ✓ Данные обновлены
2026-05-05 00:45:24,738 - src.ui.methods.ui_state - INFO - Применены фильтры. Показано датасетов: 13
2026-05-05 00:45:26,058 - src.ui.methods.ui_state - INFO - Применены фильтры. Показано датасетов: 13
2026-05-05 00:45:26,641 - src.ui.methods.ui_state - INFO - Применены фильтры. Показано датасетов: 13
2026-05-05 00:45:27,424 - src.ui.methods.ui_state - INFO - Применены фильтры. Показано датасетов: 13
2026-05-05 00:45:27,923 - src.ui.methods.ui_state - INFO - Применены фильтры. Показано датасетов: 13
2026-05-05 00:45:28,384 - src.ui.methods.ui_state - INFO - Применены фильтры. Показано датасетов: 13
2026-05-05 00:45:28,825 - src.ui.methods.ui_state - INFO - Применены фильтры. Показано датасетов: 0
2026-05-05 00:45:29,531 - src.ui.methods.ui_state - INFO - Применены фильтры. Показано датасетов: 13
2026-05-05 00:45:30,776 - src.ui.methods.ui_state - INFO - Применены фильтры. Показано датасетов: 0
2026-05-05 00:45:31,424 - src.ui.methods.ui_state - INFO - Применены фильтры. Показано датасетов: 13
2026-05-05 00:45:31,978 - src.ui.methods.ui_state - INFO - Применены фильтры. Показано датасетов: 0
2026-05-05 00:45:32,544 - src.ui.methods.ui_state - INFO - Применены фильтры. Показано датасетов: 13
2026-05-05 00:45:33,120 - src.ui.methods.ui_state - INFO - Применены фильтры. Показано датасетов: 13
2026-05-05 00:45:33,762 - src.ui.methods.ui_state - INFO - Применены фильтры. Показано датасетов: 13
2026-05-05 00:45:34,249 - src.ui.methods.ui_state - INFO - Применены фильтры. Показано датасетов: 0
2026-05-05 00:45:34,713 - src.ui.methods.ui_state - INFO - Применены фильтры. Показано датасетов: 13
2026-05-05 00:45:35,273 - src.ui.methods.ui_state - INFO - Применены фильтры. Показано датасетов: 0
2026-05-05 00:45:35,760 - src.ui.methods.ui_state - INFO - Применены фильтры. Показано датасетов: 13
2026-05-05 00:45:36,296 - src.ui.methods.ui_state - INFO - Применены фильтры. Показано датасетов: 13
2026-05-05 00:45:36,890 - src.ui.methods.ui_state - INFO - Применены фильтры. Показано датасетов: 13
2026-05-05 00:45:37,387 - src.ui.methods.ui_state - INFO - Применены фильтры. Показано датасетов: 13
2026-05-05 00:45:37,896 - src.ui.methods.ui_state - INFO - Применены фильтры. Показано датасетов: 13
2026-05-05 00:45:38,224 - src.ui.methods.ui_state - INFO - Применены фильтры. Показано датасетов: 13
2026-05-05 00:45:38,800 - src.ui.methods.ui_state - INFO - Применены фильтры. Показано датасетов: 13
2026-05-05 00:45:39,145 - src.ui.methods.ui_state - INFO - Применены фильтры. Показано датасетов: 0
2026-05-05 00:45:39,609 - src.ui.methods.ui_state - INFO - Применены фильтры. Показано датасетов: 13
2026-05-05 09:46:48,156 - dependencies - WARNING - Обнаружены отсутствующие библиотеки (4):
2026-05-05 09:46:48,157 - dependencies - WARNING -   - azure-identity (модуль: azure.identity)
2026-05-05 09:46:48,157 - dependencies - WARNING -   - azure-core (модуль: azure.core)
2026-05-05 09:46:48,157 - dependencies - WARNING -   - msal (модуль: msal)
2026-05-05 09:46:48,157 - dependencies - WARNING -   - requests (модуль: requests)
2026-05-05 09:46:48,157 - dependencies - INFO - Установка недостающих пакетов...
2026-05-05 09:46:48,157 - dependencies - INFO - Установка azure-identity...
2026-05-05 09:47:08,500 - dependencies - INFO - ✓ azure-identity успешно установлен.
2026-05-05 09:47:08,500 - dependencies - INFO - Установка azure-core...
2026-05-05 09:47:09,774 - dependencies - INFO - ✓ azure-core успешно установлен.
2026-05-05 09:47:09,775 - dependencies - INFO - Установка msal...
2026-05-05 09:47:10,899 - dependencies - INFO - ✓ msal успешно установлен.
2026-05-05 09:47:10,899 - dependencies - INFO - Установка requests...
2026-05-05 09:47:12,011 - dependencies - INFO - ✓ requests успешно установлен.
2026-05-05 09:47:12,011 - dependencies - INFO - Перезапуск скрипта с установленными зависимостями...
2026-05-05 09:47:14,138 - dependencies - INFO - Все зависимости установлены.
2026-05-05 09:47:14,800 - src.core.dependencies - INFO - Все зависимости установлены.
2026-05-05 09:47:14,803 - src.ui.methods.ui_state - INFO - Система готова к подключению. Нажмите кнопку 'Подключить'.
2026-05-05 09:47:20,251 - src.ui.methods.ui_state - INFO - Попытка подключения к Power BI...
2026-05-05 09:47:20,259 - azure.identity._internal.decorators - WARNING - AzureCliCredential.get_token failed: Azure CLI not found on path
2026-05-05 09:47:20,269 - azure.core.pipeline.policies.http_logging_policy - INFO - Request URL: 'https://login.microsoftonline.com/organizations/v2.0/.well-known/openid-configuration'
Request method: 'GET'
Request headers:
    'User-Agent': 'azsdk-python-identity/1.25.3 Python/3.14.3 (Windows-10-10.0.19044-SP0)'
No body was attached to the request
2026-05-05 09:47:21,018 - azure.core.pipeline.policies.http_logging_policy - INFO - Response status: 200
Response headers:
    'Cache-Control': 'max-age=86400, private'
    'Content-Type': 'application/json; charset=utf-8'
    'Strict-Transport-Security': 'REDACTED'
    'X-Content-Type-Options': 'REDACTED'
    'Access-Control-Allow-Origin': 'REDACTED'
    'Access-Control-Allow-Methods': 'REDACTED'
    'P3P': 'REDACTED'
    'x-ms-request-id': 'd001570e-2423-4fda-8fff-b5a1ddf35000'
    'x-ms-ests-server': 'REDACTED'
    'x-ms-srs': 'REDACTED'
    'Content-Security-Policy-Report-Only': 'REDACTED'
    'X-XSS-Protection': 'REDACTED'
    'Set-Cookie': 'REDACTED'
    'Date': 'Tue, 05 May 2026 04:47:14 GMT'
    'Content-Length': '1777'
2026-05-05 09:47:48,479 - azure.core.pipeline.policies.http_logging_policy - INFO - Request URL: 'https://login.microsoftonline.com/organizations/oauth2/v2.0/token'
Request method: 'POST'
Request headers:
    'Content-Type': 'application/x-www-form-urlencoded'
    'Accept': 'application/json'
    'x-client-sku': 'REDACTED'
    'x-client-ver': 'REDACTED'
    'x-client-os': 'REDACTED'
    'x-ms-lib-capability': 'REDACTED'
    'client-request-id': 'REDACTED'
    'x-client-current-telemetry': 'REDACTED'
    'x-client-last-telemetry': 'REDACTED'
    'X-AnchorMailbox': 'REDACTED'
    'User-Agent': 'azsdk-python-identity/1.25.3 Python/3.14.3 (Windows-10-10.0.19044-SP0)'
A body is sent with the request
2026-05-05 09:47:48,709 - azure.core.pipeline.policies.http_logging_policy - INFO - Response status: 200
Response headers:
    'Cache-Control': 'no-store, no-cache'
    'Pragma': 'no-cache'
    'Content-Type': 'application/json; charset=utf-8'
    'Expires': '-1'
    'Strict-Transport-Security': 'REDACTED'
    'X-Content-Type-Options': 'REDACTED'
    'x-ms-clientdata': 'REDACTED'
    'P3P': 'REDACTED'
    'client-request-id': 'REDACTED'
    'x-ms-request-id': 'e42c546b-b3e3-4a3d-92bb-aa0b0eb64b00'
    'x-ms-ests-server': 'REDACTED'
    'x-ms-clitelem': 'REDACTED'
    'x-ms-srs': 'REDACTED'
    'Content-Security-Policy-Report-Only': 'REDACTED'
    'X-XSS-Protection': 'REDACTED'
    'Set-Cookie': 'REDACTED'
    'Date': 'Tue, 05 May 2026 04:47:41 GMT'
    'Content-Length': '6263'
2026-05-05 09:47:48,710 - azure.identity._internal.interactive - INFO - InteractiveBrowserCredential.get_token succeeded
2026-05-05 09:47:48,710 - src.core.powerbi_client - INFO - Аутентификация через Interactive Browser успешна.
2026-05-05 09:47:48,710 - src.ui.methods.ui_state - INFO - ✓ Аутентификация успешна (метод: Interactive Browser)
2026-05-05 09:47:49,766 - src.ui.methods.ui_state - INFO - ✓ Загружено рабочих областей: 2
2026-05-05 09:47:49,769 - src.ui.methods.ui_state - INFO - Выбрана рабочая область: PROFISOFT
2026-05-05 09:47:49,770 - src.ui.methods.ui_state - INFO - Загрузка датасетов из рабочей области 694c8d4f-65f6-45f1-95a2-0edbc610db4c...
2026-05-05 09:47:49,962 - src.ui.methods.ui_state - INFO - ✓ Загружено датасетов: 13
2026-05-05 09:47:49,968 - src.ui.methods.ui_state - INFO - UI обновлен для состояния 'подключено'
2026-05-05 09:47:49,969 - src.ui.methods.ui_state - INFO - Загрузка датасетов из рабочей области 694c8d4f-65f6-45f1-95a2-0edbc610db4c...
2026-05-05 09:47:50,131 - src.ui.methods.ui_state - INFO - ✓ Загружено датасетов: 13
2026-05-05 09:48:02,659 - src.ui.methods.ui_state - INFO - Применены фильтры. Показано датасетов: 0
2026-05-05 09:48:03,643 - src.ui.methods.ui_state - INFO - Применены фильтры. Показано датасетов: 13
2026-05-05 09:48:04,251 - src.ui.methods.ui_state - INFO - Применены фильтры. Показано датасетов: 13
2026-05-05 09:48:04,987 - src.ui.methods.ui_state - INFO - Применены фильтры. Показано датасетов: 13
2026-05-05 09:48:05,403 - src.ui.methods.ui_state - INFO - Применены фильтры. Показано датасетов: 13
2026-05-05 09:48:05,787 - src.ui.methods.ui_state - INFO - Применены фильтры. Показано датасетов: 13
2026-05-05 09:54:45,560 - dependencies - INFO - Все зависимости установлены.
2026-05-05 09:54:45,699 - src.core.dependencies - INFO - Все зависимости установлены.
2026-05-05 09:54:45,700 - src.ui.methods.ui_state - INFO - Система готова к подключению. Нажмите кнопку 'Подключить'.
2026-05-05 09:54:47,090 - src.ui.methods.ui_state - INFO - Попытка подключения к Power BI...
2026-05-05 09:54:47,098 - azure.identity._internal.decorators - WARNING - AzureCliCredential.get_token failed: Azure CLI not found on path
2026-05-05 09:54:47,106 - azure.core.pipeline.policies.http_logging_policy - INFO - Request URL: 'https://login.microsoftonline.com/organizations/v2.0/.well-known/openid-configuration'
Request method: 'GET'
Request headers:
    'User-Agent': 'azsdk-python-identity/1.25.3 Python/3.14.3 (Windows-10-10.0.19044-SP0)'
No body was attached to the request
2026-05-05 09:54:47,871 - azure.core.pipeline.policies.http_logging_policy - INFO - Response status: 200
Response headers:
    'Cache-Control': 'max-age=86400, private'
    'Content-Type': 'application/json; charset=utf-8'
    'Strict-Transport-Security': 'REDACTED'
    'X-Content-Type-Options': 'REDACTED'
    'Access-Control-Allow-Origin': 'REDACTED'
    'Access-Control-Allow-Methods': 'REDACTED'
    'P3P': 'REDACTED'
    'x-ms-request-id': 'c990e6ce-5fc6-4321-b5b2-a12c336f0000'
    'x-ms-ests-server': 'REDACTED'
    'x-ms-srs': 'REDACTED'
    'Content-Security-Policy-Report-Only': 'REDACTED'
    'X-XSS-Protection': 'REDACTED'
    'Set-Cookie': 'REDACTED'
    'Date': 'Tue, 05 May 2026 04:54:40 GMT'
    'Content-Length': '1777'
2026-05-05 09:54:51,172 - azure.core.pipeline.policies.http_logging_policy - INFO - Request URL: 'https://login.microsoftonline.com/organizations/oauth2/v2.0/token'
Request method: 'POST'
Request headers:
    'Content-Type': 'application/x-www-form-urlencoded'
    'Accept': 'application/json'
    'x-client-sku': 'REDACTED'
    'x-client-ver': 'REDACTED'
    'x-client-os': 'REDACTED'
    'x-ms-lib-capability': 'REDACTED'
    'client-request-id': 'REDACTED'
    'x-client-current-telemetry': 'REDACTED'
    'x-client-last-telemetry': 'REDACTED'
    'X-AnchorMailbox': 'REDACTED'
    'User-Agent': 'azsdk-python-identity/1.25.3 Python/3.14.3 (Windows-10-10.0.19044-SP0)'
A body is sent with the request
2026-05-05 09:54:51,378 - azure.core.pipeline.policies.http_logging_policy - INFO - Response status: 200
Response headers:
    'Cache-Control': 'no-store, no-cache'
    'Pragma': 'no-cache'
    'Content-Type': 'application/json; charset=utf-8'
    'Expires': '-1'
    'Strict-Transport-Security': 'REDACTED'
    'X-Content-Type-Options': 'REDACTED'
    'x-ms-clientdata': 'REDACTED'
    'P3P': 'REDACTED'
    'client-request-id': 'REDACTED'
    'x-ms-request-id': 'ffa059f9-95ba-4246-a85b-0bf189195700'
    'x-ms-ests-server': 'REDACTED'
    'x-ms-clitelem': 'REDACTED'
    'x-ms-srs': 'REDACTED'
    'Content-Security-Policy-Report-Only': 'REDACTED'
    'X-XSS-Protection': 'REDACTED'
    'Set-Cookie': 'REDACTED'
    'Date': 'Tue, 05 May 2026 04:54:44 GMT'
    'Content-Length': '6250'
2026-05-05 09:54:51,378 - azure.identity._internal.interactive - INFO - InteractiveBrowserCredential.get_token succeeded
2026-05-05 09:54:51,378 - src.core.powerbi_client - INFO - Аутентификация через Interactive Browser успешна.
2026-05-05 09:54:51,379 - src.ui.methods.ui_state - INFO - ✓ Аутентификация успешна (метод: Interactive Browser)
2026-05-05 09:54:52,564 - src.ui.methods.ui_state - INFO - ✓ Загружено рабочих областей: 2
2026-05-05 09:54:52,565 - src.ui.methods.ui_state - INFO - Выбрана рабочая область: PROFISOFT
2026-05-05 09:54:52,565 - src.ui.methods.ui_state - INFO - Загрузка датасетов из рабочей области 694c8d4f-65f6-45f1-95a2-0edbc610db4c...
2026-05-05 09:54:58,389 - src.ui.methods.ui_state - INFO - ✓ Загружено датасетов: 13
2026-05-05 09:54:58,391 - src.ui.methods.ui_state - INFO - UI обновлен для состояния 'подключено'
2026-05-05 09:54:58,391 - src.ui.methods.ui_state - INFO - Загрузка датасетов из рабочей области 694c8d4f-65f6-45f1-95a2-0edbc610db4c...
2026-05-05 09:55:02,815 - src.ui.methods.ui_state - INFO - ✓ Загружено датасетов: 13
2026-05-05 10:05:38,224 - dependencies - INFO - Все зависимости установлены.
2026-05-05 10:05:38,755 - src.core.dependencies - INFO - Все зависимости установлены.
2026-05-05 10:05:38,756 - src.ui.methods.ui_state - INFO - Система готова к подключению. Нажмите кнопку 'Подключить'.
2026-05-05 10:05:40,017 - src.ui.methods.ui_state - INFO - Попытка подключения к Power BI...
2026-05-05 10:05:40,025 - azure.identity._internal.decorators - WARNING - AzureCliCredential.get_token failed: Azure CLI not found on path
2026-05-05 10:05:40,035 - azure.core.pipeline.policies.http_logging_policy - INFO - Request URL: 'https://login.microsoftonline.com/organizations/v2.0/.well-known/openid-configuration'
Request method: 'GET'
Request headers:
    'User-Agent': 'azsdk-python-identity/1.25.3 Python/3.14.3 (Windows-10-10.0.19044-SP0)'
No body was attached to the request
2026-05-05 10:05:40,879 - azure.core.pipeline.policies.http_logging_policy - INFO - Response status: 200
Response headers:
    'Cache-Control': 'max-age=86400, private'
    'Content-Type': 'application/json; charset=utf-8'
    'Strict-Transport-Security': 'REDACTED'
    'X-Content-Type-Options': 'REDACTED'
    'Access-Control-Allow-Origin': 'REDACTED'
    'Access-Control-Allow-Methods': 'REDACTED'
    'P3P': 'REDACTED'
    'x-ms-request-id': '8aa8e2a8-d3d0-4d00-b12b-8e8771ba1900'
    'x-ms-ests-server': 'REDACTED'
    'x-ms-srs': 'REDACTED'
    'Content-Security-Policy-Report-Only': 'REDACTED'
    'X-XSS-Protection': 'REDACTED'
    'Set-Cookie': 'REDACTED'
    'Date': 'Tue, 05 May 2026 05:05:34 GMT'
    'Content-Length': '1777'
2026-05-05 10:05:44,568 - azure.core.pipeline.policies.http_logging_policy - INFO - Request URL: 'https://login.microsoftonline.com/organizations/oauth2/v2.0/token'
Request method: 'POST'
Request headers:
    'Content-Type': 'application/x-www-form-urlencoded'
    'Accept': 'application/json'
    'x-client-sku': 'REDACTED'
    'x-client-ver': 'REDACTED'
    'x-client-os': 'REDACTED'
    'x-ms-lib-capability': 'REDACTED'
    'client-request-id': 'REDACTED'
    'x-client-current-telemetry': 'REDACTED'
    'x-client-last-telemetry': 'REDACTED'
    'X-AnchorMailbox': 'REDACTED'
    'User-Agent': 'azsdk-python-identity/1.25.3 Python/3.14.3 (Windows-10-10.0.19044-SP0)'
A body is sent with the request
2026-05-05 10:05:44,782 - azure.core.pipeline.policies.http_logging_policy - INFO - Response status: 200
Response headers:
    'Cache-Control': 'no-store, no-cache'
    'Pragma': 'no-cache'
    'Content-Type': 'application/json; charset=utf-8'
    'Expires': '-1'
    'Strict-Transport-Security': 'REDACTED'
    'X-Content-Type-Options': 'REDACTED'
    'x-ms-clientdata': 'REDACTED'
    'P3P': 'REDACTED'
    'client-request-id': 'REDACTED'
    'x-ms-request-id': '38660ca0-be34-47ef-ba39-09cbbf520800'
    'x-ms-ests-server': 'REDACTED'
    'x-ms-clitelem': 'REDACTED'
    'x-ms-srs': 'REDACTED'
    'Content-Security-Policy-Report-Only': 'REDACTED'
    'X-XSS-Protection': 'REDACTED'
    'Set-Cookie': 'REDACTED'
    'Date': 'Tue, 05 May 2026 05:05:38 GMT'
    'Content-Length': '6252'
2026-05-05 10:05:44,783 - azure.identity._internal.interactive - INFO - InteractiveBrowserCredential.get_token succeeded
2026-05-05 10:05:44,783 - src.core.powerbi_client - INFO - Аутентификация через Interactive Browser успешна.
2026-05-05 10:05:44,784 - src.ui.methods.ui_state - INFO - ✓ Аутентификация успешна (метод: Interactive Browser)
2026-05-05 10:05:45,883 - src.ui.methods.ui_state - INFO - ✓ Загружено рабочих областей: 2
2026-05-05 10:05:45,884 - src.ui.methods.ui_state - INFO - Выбрана рабочая область: PROFISOFT
2026-05-05 10:05:45,884 - src.ui.methods.ui_state - INFO - Загрузка датасетов из рабочей области 694c8d4f-65f6-45f1-95a2-0edbc610db4c...
2026-05-05 10:05:55,198 - src.ui.methods.ui_state - INFO - ✓ Загружено датасетов: 13
2026-05-05 10:05:55,201 - src.ui.methods.ui_state - INFO - UI обновлен для состояния 'подключено'
2026-05-05 10:05:55,201 - src.ui.methods.ui_state - INFO - Загрузка датасетов из рабочей области 694c8d4f-65f6-45f1-95a2-0edbc610db4c...
2026-05-05 10:05:59,799 - src.ui.methods.ui_state - INFO - ✓ Загружено датасетов: 13
2026-05-05 10:06:06,362 - src.ui.methods.ui_state - INFO - Применены фильтры. Показано датасетов: 13
2026-05-05 10:06:06,922 - src.ui.methods.ui_state - INFO - Применены фильтры. Показано датасетов: 13
2026-05-05 10:06:30,346 - src.ui.methods.ui_state - INFO - Не выбран датасет или рабочая область
2026-05-05 10:07:43,641 - src.ui.methods.ui_state - INFO - Выбран датасет: Отдел продаж
2026-05-05 10:07:55,434 - src.ui.methods.ui_state - INFO - Загрузка датасетов из рабочей области 694c8d4f-65f6-45f1-95a2-0edbc610db4c...
2026-05-05 10:08:00,561 - src.ui.methods.ui_state - INFO - ✓ Загружено датасетов: 13
2026-05-05 10:08:00,582 - src.ui.methods.ui_state - INFO - Выбран датасет: гЕЙМИФИКАЦИЯ (not_use)
2026-05-05 10:08:01,705 - src.ui.methods.ui_state - INFO - Выбран датасет: АКБ (1)
2026-05-05 10:08:16,537 - src.ui.methods.ui_state - INFO - ✓ Мониторинг запущен (интервал: 60 сек)
2026-05-05 10:08:16,538 - src.ui.methods.ui_state - INFO - Обновление данных...
2026-05-05 10:08:16,538 - src.ui.methods.ui_state - INFO - Загрузка датасетов из рабочей области 694c8d4f-65f6-45f1-95a2-0edbc610db4c...
2026-05-05 10:08:20,903 - src.ui.methods.ui_state - INFO - ✓ Загружено датасетов: 13
2026-05-05 10:08:20,904 - src.ui.methods.ui_state - INFO - ✗ Ошибка при обновлении данных: 'str' object has no attribute 'get'
2026-05-05 10:09:16,527 - src.ui.methods.ui_state - INFO - Обновление данных...
2026-05-05 10:09:16,529 - src.ui.methods.ui_state - INFO - Загрузка датасетов из рабочей области 694c8d4f-65f6-45f1-95a2-0edbc610db4c...
2026-05-05 10:09:21,573 - src.ui.methods.ui_state - INFO - ✓ Загружено датасетов: 13
2026-05-05 10:09:21,574 - src.ui.methods.ui_state - INFO - ✗ Ошибка при обновлении данных: 'str' object has no attribute 'get'
2026-05-05 10:09:29,650 - src.ui.methods.ui_state - INFO - ✓ Мониторинг остановлен
2026-05-05 10:18:56,802 - dependencies - INFO - Все зависимости установлены.
2026-05-05 10:18:56,961 - src.core.dependencies - INFO - Все зависимости установлены.
2026-05-05 10:18:56,963 - src.ui.methods.ui_state - INFO - Система готова к подключению. Нажмите кнопку 'Подключить'.
2026-05-05 10:18:58,512 - src.ui.methods.ui_state - INFO - Попытка подключения к Power BI...
2026-05-05 10:18:58,521 - azure.identity._internal.decorators - WARNING - AzureCliCredential.get_token failed: Azure CLI not found on path
2026-05-05 10:18:58,529 - azure.core.pipeline.policies.http_logging_policy - INFO - Request URL: 'https://login.microsoftonline.com/organizations/v2.0/.well-known/openid-configuration'
Request method: 'GET'
Request headers:
    'User-Agent': 'azsdk-python-identity/1.25.3 Python/3.14.3 (Windows-10-10.0.19044-SP0)'
No body was attached to the request
2026-05-05 10:18:59,359 - azure.core.pipeline.policies.http_logging_policy - INFO - Response status: 200
Response headers:
    'Cache-Control': 'max-age=86400, private'
    'Content-Type': 'application/json; charset=utf-8'
    'Strict-Transport-Security': 'REDACTED'
    'X-Content-Type-Options': 'REDACTED'
    'Access-Control-Allow-Origin': 'REDACTED'
    'Access-Control-Allow-Methods': 'REDACTED'
    'P3P': 'REDACTED'
    'x-ms-request-id': '94ac6c56-33c2-4508-8190-4b9dab664900'
    'x-ms-ests-server': 'REDACTED'
    'x-ms-srs': 'REDACTED'
    'Content-Security-Policy-Report-Only': 'REDACTED'
    'X-XSS-Protection': 'REDACTED'
    'Set-Cookie': 'REDACTED'
    'Date': 'Tue, 05 May 2026 05:18:52 GMT'
    'Content-Length': '1777'
2026-05-05 10:19:02,269 - azure.core.pipeline.policies.http_logging_policy - INFO - Request URL: 'https://login.microsoftonline.com/organizations/oauth2/v2.0/token'
Request method: 'POST'
Request headers:
    'Content-Type': 'application/x-www-form-urlencoded'
    'Accept': 'application/json'
    'x-client-sku': 'REDACTED'
    'x-client-ver': 'REDACTED'
    'x-client-os': 'REDACTED'
    'x-ms-lib-capability': 'REDACTED'
    'client-request-id': 'REDACTED'
    'x-client-current-telemetry': 'REDACTED'
    'x-client-last-telemetry': 'REDACTED'
    'X-AnchorMailbox': 'REDACTED'
    'User-Agent': 'azsdk-python-identity/1.25.3 Python/3.14.3 (Windows-10-10.0.19044-SP0)'
A body is sent with the request
2026-05-05 10:19:02,519 - azure.core.pipeline.policies.http_logging_policy - INFO - Response status: 200
Response headers:
    'Cache-Control': 'no-store, no-cache'
    'Pragma': 'no-cache'
    'Content-Type': 'application/json; charset=utf-8'
    'Expires': '-1'
    'Strict-Transport-Security': 'REDACTED'
    'X-Content-Type-Options': 'REDACTED'
    'x-ms-clientdata': 'REDACTED'
    'P3P': 'REDACTED'
    'client-request-id': 'REDACTED'
    'x-ms-request-id': '8886fe32-3f23-42c8-a6af-7ba5bab25100'
    'x-ms-ests-server': 'REDACTED'
    'x-ms-clitelem': 'REDACTED'
    'x-ms-srs': 'REDACTED'
    'Content-Security-Policy-Report-Only': 'REDACTED'
    'X-XSS-Protection': 'REDACTED'
    'Set-Cookie': 'REDACTED'
    'Date': 'Tue, 05 May 2026 05:18:55 GMT'
    'Content-Length': '6249'
2026-05-05 10:19:02,522 - azure.identity._internal.interactive - INFO - InteractiveBrowserCredential.get_token succeeded
2026-05-05 10:19:02,523 - src.core.powerbi_client - INFO - Аутентификация через Interactive Browser успешна.
2026-05-05 10:19:02,523 - src.ui.methods.ui_state - INFO - ✓ Аутентификация успешна (метод: Interactive Browser)
2026-05-05 10:19:03,705 - src.ui.methods.ui_state - INFO - ✓ Загружено рабочих областей: 2
2026-05-05 10:19:03,708 - src.ui.methods.ui_state - INFO - Выбрана рабочая область: PROFISOFT
2026-05-05 10:19:03,708 - src.ui.methods.ui_state - INFO - Загрузка датасетов из рабочей области 694c8d4f-65f6-45f1-95a2-0edbc610db4c...
2026-05-05 10:19:13,300 - src.ui.methods.ui_state - INFO - ✓ Загружено датасетов: 13
2026-05-05 10:19:13,303 - src.ui.methods.ui_state - INFO - UI обновлен для состояния 'подключено'
2026-05-05 10:19:13,303 - src.ui.methods.ui_state - INFO - Загрузка датасетов из рабочей области 694c8d4f-65f6-45f1-95a2-0edbc610db4c...
2026-05-05 10:19:17,717 - src.ui.methods.ui_state - INFO - ✓ Загружено датасетов: 13
2026-05-05 10:19:37,048 - src.ui.methods.ui_state - INFO - Выбран датасет: Встречи (not_use)
2026-05-05 10:19:44,673 - src.ui.methods.ui_state - INFO - Запуск ручного обновления для датасета Встречи (not_use)...
2026-05-05 10:19:44,673 - src.ui.methods.ui_state - INFO - ✗ Ошибка запуска ручного обновления: 'UIDataProvider' object has no attribute 'refresh_dataset'
2026-05-05 10:19:48,720 - src.ui.methods.ui_state - INFO - Включение автообновления для датасета Встречи (not_use)...
2026-05-05 10:19:48,721 - src.core.refresh_manager - INFO - Включение автообновления для датасета 1a5101e5-62af-4082-8353-b9f950b0011b в workspace 694c8d4f-65f6-45f1-95a2-0edbc610db4c
2026-05-05 10:19:48,906 - src.ui.methods.ui_state - INFO - ✗ Ошибка включения автообновления: Не удалось разобрать JSON ответ от https://api.powerbi.com/v1.0/myorg/groups/694c8d4f-65f6-45f1-95a2-0edbc610db4c/datasets/1a5101e5-62af-4082-8353-b9f950b0011b/refreshSchedule: Expecting value: line 1 column 1 (char 0)
2026-05-05 10:20:02,529 - src.ui.methods.ui_state - INFO - Отключение автообновления для датасета Встречи (not_use)...
2026-05-05 10:20:02,529 - src.core.refresh_manager - INFO - Отключение автообновления для датасета 1a5101e5-62af-4082-8353-b9f950b0011b в workspace 694c8d4f-65f6-45f1-95a2-0edbc610db4c
2026-05-05 10:20:02,740 - src.ui.methods.ui_state - INFO - ✗ Ошибка отключения автообновления: Не удалось разобрать JSON ответ от https://api.powerbi.com/v1.0/myorg/groups/694c8d4f-65f6-45f1-95a2-0edbc610db4c/datasets/1a5101e5-62af-4082-8353-b9f950b0011b/refreshSchedule: Expecting value: line 1 column 1 (char 0)
2026-05-05 10:32:29,337 - dependencies - INFO - Все зависимости установлены.
2026-05-05 10:32:29,462 - src.core.dependencies - INFO - Все зависимости установлены.
2026-05-05 10:32:29,464 - src.ui.methods.ui_state - INFO - Система готова к подключению. Нажмите кнопку 'Подключить'.
2026-05-05 10:32:31,232 - src.ui.methods.ui_state - INFO - Попытка подключения к Power BI...
2026-05-05 10:32:31,239 - azure.identity._internal.decorators - WARNING - AzureCliCredential.get_token failed: Azure CLI not found on path
2026-05-05 10:32:31,248 - azure.core.pipeline.policies.http_logging_policy - INFO - Request URL: 'https://login.microsoftonline.com/organizations/v2.0/.well-known/openid-configuration'
Request method: 'GET'
Request headers:
    'User-Agent': 'azsdk-python-identity/1.25.3 Python/3.14.3 (Windows-10-10.0.19044-SP0)'
No body was attached to the request
2026-05-05 10:32:31,999 - azure.core.pipeline.policies.http_logging_policy - INFO - Response status: 200
Response headers:
    'Cache-Control': 'max-age=86400, private'
    'Content-Type': 'application/json; charset=utf-8'
    'Strict-Transport-Security': 'REDACTED'
    'X-Content-Type-Options': 'REDACTED'
    'Access-Control-Allow-Origin': 'REDACTED'
    'Access-Control-Allow-Methods': 'REDACTED'
    'P3P': 'REDACTED'
    'x-ms-request-id': 'f308c6b1-07fa-46d4-bcc6-2ebbbf980900'
    'x-ms-ests-server': 'REDACTED'
    'x-ms-srs': 'REDACTED'
    'Content-Security-Policy-Report-Only': 'REDACTED'
    'X-XSS-Protection': 'REDACTED'
    'Set-Cookie': 'REDACTED'
    'Date': 'Tue, 05 May 2026 05:32:24 GMT'
    'Content-Length': '1777'
2026-05-05 10:32:34,907 - azure.core.pipeline.policies.http_logging_policy - INFO - Request URL: 'https://login.microsoftonline.com/organizations/oauth2/v2.0/token'
Request method: 'POST'
Request headers:
    'Content-Type': 'application/x-www-form-urlencoded'
    'Accept': 'application/json'
    'x-client-sku': 'REDACTED'
    'x-client-ver': 'REDACTED'
    'x-client-os': 'REDACTED'
    'x-ms-lib-capability': 'REDACTED'
    'client-request-id': 'REDACTED'
    'x-client-current-telemetry': 'REDACTED'
    'x-client-last-telemetry': 'REDACTED'
    'X-AnchorMailbox': 'REDACTED'
    'User-Agent': 'azsdk-python-identity/1.25.3 Python/3.14.3 (Windows-10-10.0.19044-SP0)'
A body is sent with the request
2026-05-05 10:32:35,129 - azure.core.pipeline.policies.http_logging_policy - INFO - Response status: 200
Response headers:
    'Cache-Control': 'no-store, no-cache'
    'Pragma': 'no-cache'
    'Content-Type': 'application/json; charset=utf-8'
    'Expires': '-1'
    'Strict-Transport-Security': 'REDACTED'
    'X-Content-Type-Options': 'REDACTED'
    'x-ms-clientdata': 'REDACTED'
    'P3P': 'REDACTED'
    'client-request-id': 'REDACTED'
    'x-ms-request-id': 'de704c3e-5715-45bf-99ce-8e2802755400'
    'x-ms-ests-server': 'REDACTED'
    'x-ms-clitelem': 'REDACTED'
    'x-ms-srs': 'REDACTED'
    'Content-Security-Policy-Report-Only': 'REDACTED'
    'X-XSS-Protection': 'REDACTED'
    'Set-Cookie': 'REDACTED'
    'Date': 'Tue, 05 May 2026 05:32:27 GMT'
    'Content-Length': '6258'
2026-05-05 10:32:35,130 - azure.identity._internal.interactive - INFO - InteractiveBrowserCredential.get_token succeeded
2026-05-05 10:32:35,130 - src.core.powerbi_client - INFO - Аутентификация через Interactive Browser успешна.
2026-05-05 10:32:35,130 - src.ui.methods.ui_state - INFO - ✓ Аутентификация успешна (метод: Interactive Browser)
2026-05-05 10:32:36,468 - src.ui.methods.ui_state - INFO - ✓ Загружено рабочих областей: 2
2026-05-05 10:32:36,469 - src.ui.methods.ui_state - INFO - Выбрана рабочая область: PROFISOFT
2026-05-05 10:32:36,469 - src.ui.methods.ui_state - INFO - Загрузка датасетов из рабочей области 694c8d4f-65f6-45f1-95a2-0edbc610db4c...
2026-05-05 10:32:45,630 - src.ui.methods.ui_state - INFO - ✓ Загружено датасетов: 13
2026-05-05 10:32:45,635 - src.ui.methods.ui_state - INFO - UI обновлен для состояния 'подключено'
2026-05-05 10:32:45,636 - src.ui.methods.ui_state - INFO - Загрузка датасетов из рабочей области 694c8d4f-65f6-45f1-95a2-0edbc610db4c...
2026-05-05 10:32:49,840 - src.ui.methods.ui_state - INFO - ✓ Загружено датасетов: 13
2026-05-05 10:38:40,052 - dependencies - INFO - Все зависимости установлены.
2026-05-05 10:38:40,173 - src.core.dependencies - INFO - Все зависимости установлены.
2026-05-05 10:38:40,174 - src.ui.methods.ui_state - INFO - Система готова к подключению. Нажмите кнопку 'Подключить'.
2026-05-05 10:38:41,623 - src.ui.methods.ui_state - INFO - Попытка подключения к Power BI...
2026-05-05 10:38:41,631 - azure.identity._internal.decorators - WARNING - AzureCliCredential.get_token failed: Azure CLI not found on path
2026-05-05 10:38:41,639 - azure.core.pipeline.policies.http_logging_policy - INFO - Request URL: 'https://login.microsoftonline.com/organizations/v2.0/.well-known/openid-configuration'
Request method: 'GET'
Request headers:
    'User-Agent': 'azsdk-python-identity/1.25.3 Python/3.14.3 (Windows-10-10.0.19044-SP0)'
No body was attached to the request
2026-05-05 10:38:42,383 - azure.core.pipeline.policies.http_logging_policy - INFO - Response status: 200
Response headers:
    'Cache-Control': 'max-age=86400, private'
    'Content-Type': 'application/json; charset=utf-8'
    'Strict-Transport-Security': 'REDACTED'
    'X-Content-Type-Options': 'REDACTED'
    'Access-Control-Allow-Origin': 'REDACTED'
    'Access-Control-Allow-Methods': 'REDACTED'
    'P3P': 'REDACTED'
    'x-ms-request-id': '5c73a993-4bff-42c7-8578-c5e74e8e0d00'
    'x-ms-ests-server': 'REDACTED'
    'x-ms-srs': 'REDACTED'
    'Content-Security-Policy-Report-Only': 'REDACTED'
    'X-XSS-Protection': 'REDACTED'
    'Set-Cookie': 'REDACTED'
    'Date': 'Tue, 05 May 2026 05:38:35 GMT'
    'Content-Length': '1777'
2026-05-05 10:38:45,582 - azure.core.pipeline.policies.http_logging_policy - INFO - Request URL: 'https://login.microsoftonline.com/organizations/oauth2/v2.0/token'
Request method: 'POST'
Request headers:
    'Content-Type': 'application/x-www-form-urlencoded'
    'Accept': 'application/json'
    'x-client-sku': 'REDACTED'
    'x-client-ver': 'REDACTED'
    'x-client-os': 'REDACTED'
    'x-ms-lib-capability': 'REDACTED'
    'client-request-id': 'REDACTED'
    'x-client-current-telemetry': 'REDACTED'
    'x-client-last-telemetry': 'REDACTED'
    'X-AnchorMailbox': 'REDACTED'
    'User-Agent': 'azsdk-python-identity/1.25.3 Python/3.14.3 (Windows-10-10.0.19044-SP0)'
A body is sent with the request
2026-05-05 10:38:45,828 - azure.core.pipeline.policies.http_logging_policy - INFO - Response status: 200
Response headers:
    'Cache-Control': 'no-store, no-cache'
    'Pragma': 'no-cache'
    'Content-Type': 'application/json; charset=utf-8'
    'Expires': '-1'
    'Strict-Transport-Security': 'REDACTED'
    'X-Content-Type-Options': 'REDACTED'
    'x-ms-clientdata': 'REDACTED'
    'P3P': 'REDACTED'
    'client-request-id': 'REDACTED'
    'x-ms-request-id': 'e4274a21-2fb8-4b8d-bcd0-75f850b55a00'
    'x-ms-ests-server': 'REDACTED'
    'x-ms-clitelem': 'REDACTED'
    'x-ms-srs': 'REDACTED'
    'Content-Security-Policy-Report-Only': 'REDACTED'
    'X-XSS-Protection': 'REDACTED'
    'Set-Cookie': 'REDACTED'
    'Date': 'Tue, 05 May 2026 05:38:38 GMT'
    'Content-Length': '6249'
2026-05-05 10:38:45,829 - azure.identity._internal.interactive - INFO - InteractiveBrowserCredential.get_token succeeded
2026-05-05 10:38:45,829 - src.core.powerbi_client - INFO - Аутентификация через Interactive Browser успешна.
2026-05-05 10:38:45,829 - src.ui.methods.ui_state - INFO - ✓ Аутентификация успешна (метод: Interactive Browser)
2026-05-05 10:38:46,844 - src.ui.methods.ui_state - INFO - ✓ Загружено рабочих областей: 2
2026-05-05 10:38:46,845 - src.ui.methods.ui_state - INFO - Выбрана рабочая область: PROFISOFT
2026-05-05 10:38:46,845 - src.ui.methods.ui_state - INFO - Загрузка датасетов из рабочей области 694c8d4f-65f6-45f1-95a2-0edbc610db4c...
2026-05-05 10:38:53,794 - src.ui.methods.ui_state - INFO - ✓ Загружено датасетов: 13
2026-05-05 10:38:53,799 - src.ui.methods.ui_state - INFO - UI обновлен для состояния 'подключено'
2026-05-05 10:38:53,799 - src.ui.methods.ui_state - INFO - Загрузка датасетов из рабочей области 694c8d4f-65f6-45f1-95a2-0edbc610db4c...
2026-05-05 10:38:58,062 - src.ui.methods.ui_state - INFO - ✓ Загружено датасетов: 13
2026-05-05 10:43:04,194 - dependencies - INFO - Все зависимости установлены.
2026-05-05 10:43:04,314 - src.core.dependencies - INFO - Все зависимости установлены.
2026-05-05 10:43:04,316 - src.ui.methods.ui_state - INFO - Система готова к подключению. Нажмите кнопку 'Подключить'.
2026-05-05 10:43:12,967 - src.ui.methods.ui_state - INFO - Попытка подключения к Power BI...
2026-05-05 10:43:12,975 - azure.identity._internal.decorators - WARNING - AzureCliCredential.get_token failed: Azure CLI not found on path
2026-05-05 10:43:12,982 - azure.core.pipeline.policies.http_logging_policy - INFO - Request URL: 'https://login.microsoftonline.com/organizations/v2.0/.well-known/openid-configuration'
Request method: 'GET'
Request headers:
    'User-Agent': 'azsdk-python-identity/1.25.3 Python/3.14.3 (Windows-10-10.0.19044-SP0)'
No body was attached to the request
2026-05-05 10:43:13,778 - azure.core.pipeline.policies.http_logging_policy - INFO - Response status: 200
Response headers:
    'Cache-Control': 'max-age=86400, private'
    'Content-Type': 'application/json; charset=utf-8'
    'Strict-Transport-Security': 'REDACTED'
    'X-Content-Type-Options': 'REDACTED'
    'Access-Control-Allow-Origin': 'REDACTED'
    'Access-Control-Allow-Methods': 'REDACTED'
    'P3P': 'REDACTED'
    'x-ms-request-id': '1545e87d-f598-4414-9c0f-3790c05b0700'
    'x-ms-ests-server': 'REDACTED'
    'x-ms-srs': 'REDACTED'
    'Content-Security-Policy-Report-Only': 'REDACTED'
    'X-XSS-Protection': 'REDACTED'
    'Set-Cookie': 'REDACTED'
    'Date': 'Tue, 05 May 2026 05:43:06 GMT'
    'Content-Length': '1777'
2026-05-05 10:43:17,063 - azure.core.pipeline.policies.http_logging_policy - INFO - Request URL: 'https://login.microsoftonline.com/organizations/oauth2/v2.0/token'
Request method: 'POST'
Request headers:
    'Content-Type': 'application/x-www-form-urlencoded'
    'Accept': 'application/json'
    'x-client-sku': 'REDACTED'
    'x-client-ver': 'REDACTED'
    'x-client-os': 'REDACTED'
    'x-ms-lib-capability': 'REDACTED'
    'client-request-id': 'REDACTED'
    'x-client-current-telemetry': 'REDACTED'
    'x-client-last-telemetry': 'REDACTED'
    'X-AnchorMailbox': 'REDACTED'
    'User-Agent': 'azsdk-python-identity/1.25.3 Python/3.14.3 (Windows-10-10.0.19044-SP0)'
A body is sent with the request
2026-05-05 10:43:17,298 - azure.core.pipeline.policies.http_logging_policy - INFO - Response status: 200
Response headers:
    'Cache-Control': 'no-store, no-cache'
    'Pragma': 'no-cache'
    'Content-Type': 'application/json; charset=utf-8'
    'Expires': '-1'
    'Strict-Transport-Security': 'REDACTED'
    'X-Content-Type-Options': 'REDACTED'
    'x-ms-clientdata': 'REDACTED'
    'P3P': 'REDACTED'
    'client-request-id': 'REDACTED'
    'x-ms-request-id': '0886fd1c-0f9a-4921-8c4c-acd6bb014f00'
    'x-ms-ests-server': 'REDACTED'
    'x-ms-clitelem': 'REDACTED'
    'x-ms-srs': 'REDACTED'
    'Content-Security-Policy-Report-Only': 'REDACTED'
    'X-XSS-Protection': 'REDACTED'
    'Set-Cookie': 'REDACTED'
    'Date': 'Tue, 05 May 2026 05:43:10 GMT'
    'Content-Length': '6250'
2026-05-05 10:43:17,299 - azure.identity._internal.interactive - INFO - InteractiveBrowserCredential.get_token succeeded
2026-05-05 10:43:17,299 - src.core.powerbi_client - INFO - Аутентификация через Interactive Browser успешна.
2026-05-05 10:43:17,300 - src.ui.methods.ui_state - INFO - ✓ Аутентификация успешна (метод: Interactive Browser)
2026-05-05 10:43:18,419 - src.ui.methods.ui_state - INFO - ✓ Загружено рабочих областей: 2
2026-05-05 10:43:18,420 - src.ui.methods.ui_state - INFO - Выбрана рабочая область: PROFISOFT
2026-05-05 10:43:18,421 - src.ui.methods.ui_state - INFO - Загрузка датасетов из рабочей области 694c8d4f-65f6-45f1-95a2-0edbc610db4c...
2026-05-05 10:43:23,338 - src.ui.methods.ui_state - INFO - ✓ Загружено датасетов: 13
2026-05-05 10:43:23,343 - src.ui.methods.ui_state - INFO - UI обновлен для состояния 'подключено'
2026-05-05 10:43:23,344 - src.ui.methods.ui_state - INFO - Загрузка датасетов из рабочей области 694c8d4f-65f6-45f1-95a2-0edbc610db4c...
2026-05-05 10:43:28,078 - src.ui.methods.ui_state - INFO - ✓ Загружено датасетов: 13
2026-05-05 10:44:01,767 - src.ui.methods.ui_state - INFO - Загрузка датасетов из рабочей области 694c8d4f-65f6-45f1-95a2-0edbc610db4c...
2026-05-05 10:44:09,104 - src.ui.methods.ui_state - INFO - ✓ Загружено датасетов: 13
2026-05-05 10:44:18,096 - src.ui.methods.ui_state - INFO - Обновление данных...
2026-05-05 10:44:18,096 - src.ui.methods.ui_state - INFO - Загрузка датасетов из рабочей области 694c8d4f-65f6-45f1-95a2-0edbc610db4c...
2026-05-05 10:44:22,821 - src.ui.methods.ui_state - INFO - ✓ Загружено датасетов: 13
2026-05-05 10:44:22,822 - src.ui.methods.ui_state - INFO - ✓ Данные обновлены
2026-05-05 10:56:46,634 - dependencies - INFO - Все зависимости установлены.
2026-05-05 10:56:47,201 - src.core.dependencies - INFO - Все зависимости установлены.
2026-05-05 10:56:47,202 - src.ui.methods.ui_state - INFO - Система готова к подключению. Нажмите кнопку 'Подключить'.
2026-05-05 10:56:48,382 - src.ui.methods.ui_state - INFO - Попытка подключения к Power BI...
2026-05-05 10:56:48,390 - azure.identity._internal.decorators - WARNING - AzureCliCredential.get_token failed: Azure CLI not found on path
2026-05-05 10:56:48,397 - azure.core.pipeline.policies.http_logging_policy - INFO - Request URL: 'https://login.microsoftonline.com/organizations/v2.0/.well-known/openid-configuration'
Request method: 'GET'
Request headers:
    'User-Agent': 'azsdk-python-identity/1.25.3 Python/3.14.3 (Windows-10-10.0.19044-SP0)'
No body was attached to the request
2026-05-05 10:56:49,170 - azure.core.pipeline.policies.http_logging_policy - INFO - Response status: 200
Response headers:
    'Cache-Control': 'max-age=86400, private'
    'Content-Type': 'application/json; charset=utf-8'
    'Strict-Transport-Security': 'REDACTED'
    'X-Content-Type-Options': 'REDACTED'
    'Access-Control-Allow-Origin': 'REDACTED'
    'Access-Control-Allow-Methods': 'REDACTED'
    'P3P': 'REDACTED'
    'x-ms-request-id': 'e22a910a-d8e8-41cc-858b-4426464d8900'
    'x-ms-ests-server': 'REDACTED'
    'x-ms-srs': 'REDACTED'
    'Content-Security-Policy-Report-Only': 'REDACTED'
    'X-XSS-Protection': 'REDACTED'
    'Set-Cookie': 'REDACTED'
    'Date': 'Tue, 05 May 2026 05:56:42 GMT'
    'Content-Length': '1777'
2026-05-05 10:56:52,000 - azure.core.pipeline.policies.http_logging_policy - INFO - Request URL: 'https://login.microsoftonline.com/organizations/oauth2/v2.0/token'
Request method: 'POST'
Request headers:
    'Content-Type': 'application/x-www-form-urlencoded'
    'Accept': 'application/json'
    'x-client-sku': 'REDACTED'
    'x-client-ver': 'REDACTED'
    'x-client-os': 'REDACTED'
    'x-ms-lib-capability': 'REDACTED'
    'client-request-id': 'REDACTED'
    'x-client-current-telemetry': 'REDACTED'
    'x-client-last-telemetry': 'REDACTED'
    'X-AnchorMailbox': 'REDACTED'
    'User-Agent': 'azsdk-python-identity/1.25.3 Python/3.14.3 (Windows-10-10.0.19044-SP0)'
A body is sent with the request
2026-05-05 10:56:52,204 - azure.core.pipeline.policies.http_logging_policy - INFO - Response status: 200
Response headers:
    'Cache-Control': 'no-store, no-cache'
    'Pragma': 'no-cache'
    'Content-Type': 'application/json; charset=utf-8'
    'Expires': '-1'
    'Strict-Transport-Security': 'REDACTED'
    'X-Content-Type-Options': 'REDACTED'
    'x-ms-clientdata': 'REDACTED'
    'P3P': 'REDACTED'
    'client-request-id': 'REDACTED'
    'x-ms-request-id': 'fb7cf09c-057e-4e22-9d27-d96afa687700'
    'x-ms-ests-server': 'REDACTED'
    'x-ms-clitelem': 'REDACTED'
    'x-ms-srs': 'REDACTED'
    'Content-Security-Policy-Report-Only': 'REDACTED'
    'X-XSS-Protection': 'REDACTED'
    'Set-Cookie': 'REDACTED'
    'Date': 'Tue, 05 May 2026 05:56:45 GMT'
    'Content-Length': '6255'
2026-05-05 10:56:52,205 - azure.identity._internal.interactive - INFO - InteractiveBrowserCredential.get_token succeeded
2026-05-05 10:56:52,205 - src.core.powerbi_client - INFO - Аутентификация через Interactive Browser успешна.
2026-05-05 10:56:52,205 - src.ui.methods.ui_state - INFO - ✓ Аутентификация успешна (метод: Interactive Browser)
2026-05-05 10:56:53,265 - src.ui.methods.ui_state - INFO - ✓ Загружено рабочих областей: 2
2026-05-05 10:56:53,266 - src.ui.methods.ui_state - INFO - Выбрана рабочая область: PROFISOFT
2026-05-05 10:56:53,267 - src.ui.methods.ui_state - INFO - Загрузка датасетов из рабочей области 694c8d4f-65f6-45f1-95a2-0edbc610db4c...
2026-05-05 10:56:59,212 - src.ui.methods.ui_state - INFO - ✓ Загружено датасетов: 13
2026-05-05 10:56:59,213 - src.ui.methods.ui_state - INFO - UI обновлен для состояния 'подключено'
2026-05-05 10:56:59,213 - src.ui.methods.ui_state - INFO - Загрузка датасетов из рабочей области 694c8d4f-65f6-45f1-95a2-0edbc610db4c...
2026-05-05 10:57:03,364 - src.ui.methods.ui_state - INFO - ✓ Загружено датасетов: 13
2026-05-05 11:01:20,157 - src.ui.methods.ui_state - INFO - Выбран датасет: new_HR(not_use)
2026-05-05 11:13:45,030 - dependencies - INFO - Все зависимости установлены.
2026-05-05 11:13:45,156 - src.core.dependencies - INFO - Все зависимости установлены.
2026-05-05 11:13:45,157 - src.ui.methods.ui_state - INFO - Система готова к подключению. Нажмите кнопку 'Подключить'.
2026-05-05 11:13:46,413 - src.ui.methods.ui_state - INFO - Попытка подключения к Power BI...
2026-05-05 11:13:46,421 - azure.identity._internal.decorators - WARNING - AzureCliCredential.get_token failed: Azure CLI not found on path
2026-05-05 11:13:46,428 - azure.core.pipeline.policies.http_logging_policy - INFO - Request URL: 'https://login.microsoftonline.com/organizations/v2.0/.well-known/openid-configuration'
Request method: 'GET'
Request headers:
    'User-Agent': 'azsdk-python-identity/1.25.3 Python/3.14.3 (Windows-10-10.0.19044-SP0)'
No body was attached to the request
2026-05-05 11:13:47,206 - azure.core.pipeline.policies.http_logging_policy - INFO - Response status: 200
Response headers:
    'Cache-Control': 'max-age=86400, private'
    'Content-Type': 'application/json; charset=utf-8'
    'Strict-Transport-Security': 'REDACTED'
    'X-Content-Type-Options': 'REDACTED'
    'Access-Control-Allow-Origin': 'REDACTED'
    'Access-Control-Allow-Methods': 'REDACTED'
    'P3P': 'REDACTED'
    'x-ms-request-id': 'ecea8ddf-6314-45fd-878b-b2862b114700'
    'x-ms-ests-server': 'REDACTED'
    'x-ms-srs': 'REDACTED'
    'Content-Security-Policy-Report-Only': 'REDACTED'
    'X-XSS-Protection': 'REDACTED'
    'Set-Cookie': 'REDACTED'
    'Date': 'Tue, 05 May 2026 06:13:40 GMT'
    'Content-Length': '1777'
2026-05-05 11:13:56,883 - azure.core.pipeline.policies.http_logging_policy - INFO - Request URL: 'https://login.microsoftonline.com/organizations/oauth2/v2.0/token'
Request method: 'POST'
Request headers:
    'Content-Type': 'application/x-www-form-urlencoded'
    'Accept': 'application/json'
    'x-client-sku': 'REDACTED'
    'x-client-ver': 'REDACTED'
    'x-client-os': 'REDACTED'
    'x-ms-lib-capability': 'REDACTED'
    'client-request-id': 'REDACTED'
    'x-client-current-telemetry': 'REDACTED'
    'x-client-last-telemetry': 'REDACTED'
    'X-AnchorMailbox': 'REDACTED'
    'User-Agent': 'azsdk-python-identity/1.25.3 Python/3.14.3 (Windows-10-10.0.19044-SP0)'
A body is sent with the request
2026-05-05 11:13:57,087 - azure.core.pipeline.policies.http_logging_policy - INFO - Response status: 200
Response headers:
    'Cache-Control': 'no-store, no-cache'
    'Pragma': 'no-cache'
    'Content-Type': 'application/json; charset=utf-8'
    'Expires': '-1'
    'Strict-Transport-Security': 'REDACTED'
    'X-Content-Type-Options': 'REDACTED'
    'x-ms-clientdata': 'REDACTED'
    'P3P': 'REDACTED'
    'client-request-id': 'REDACTED'
    'x-ms-request-id': 'e4a02b75-51fc-4488-8243-550dd5c85500'
    'x-ms-ests-server': 'REDACTED'
    'x-ms-clitelem': 'REDACTED'
    'x-ms-srs': 'REDACTED'
    'Content-Security-Policy-Report-Only': 'REDACTED'
    'X-XSS-Protection': 'REDACTED'
    'Set-Cookie': 'REDACTED'
    'Date': 'Tue, 05 May 2026 06:13:50 GMT'
    'Content-Length': '6250'
2026-05-05 11:13:57,088 - azure.identity._internal.interactive - INFO - InteractiveBrowserCredential.get_token succeeded
2026-05-05 11:13:57,088 - src.core.powerbi_client - INFO - Аутентификация через Interactive Browser успешна.
2026-05-05 11:13:57,089 - src.ui.methods.ui_state - INFO - ✓ Аутентификация успешна (метод: Interactive Browser)
2026-05-05 11:13:59,981 - src.ui.methods.ui_state - INFO - ✓ Загружено рабочих областей: 2
2026-05-05 11:13:59,981 - src.ui.methods.ui_state - INFO - Выбрана рабочая область: PROFISOFT
2026-05-05 11:13:59,982 - src.ui.methods.ui_state - INFO - Загрузка датасетов из рабочей области 694c8d4f-65f6-45f1-95a2-0edbc610db4c...
2026-05-05 11:14:18,006 - src.ui.methods.ui_state - INFO - ✓ Загружено датасетов: 13
2026-05-05 11:14:18,008 - src.ui.methods.ui_state - INFO - UI обновлен для состояния 'подключено'
2026-05-05 11:14:18,008 - src.ui.methods.ui_state - INFO - Загрузка датасетов из рабочей области 694c8d4f-65f6-45f1-95a2-0edbc610db4c...
2026-05-05 11:14:22,929 - src.ui.methods.ui_state - INFO - ✓ Загружено датасетов: 13
2026-05-05 11:14:34,517 - src.ui.methods.ui_state - INFO - Применены фильтры. Показано датасетов: 13
2026-05-05 11:14:35,413 - src.ui.methods.ui_state - INFO - Применены фильтры. Показано датасетов: 13
2026-05-05 11:14:42,525 - src.ui.methods.ui_state - INFO - Выбран датасет: new_HR(not_use)
2026-05-05 11:14:50,021 - src.ui.methods.ui_state - INFO - Выбран датасет: vac
2026-05-05 11:15:05,109 - src.ui.methods.ui_state - INFO - Запуск ручного обновления для датасета vac...
2026-05-05 11:15:05,110 - src.ui.methods.ui_state - INFO - ✗ Ошибка запуска ручного обновления: 'UIDataProvider' object has no attribute 'refresh_dataset'
2026-05-05 11:15:33,092 - src.ui.methods.ui_state - INFO - Выбран датасет: Монитор загрузки_v2
2026-05-05 11:15:35,101 - src.ui.methods.ui_state - INFO - Выбран датасет: crm
2026-05-05 11:15:35,965 - src.ui.methods.ui_state - INFO - Выбран датасет: КФУ
2026-05-05 11:15:36,621 - src.ui.methods.ui_state - INFO - Выбран датасет: Отдел продаж
2026-05-05 11:15:44,133 - src.ui.methods.ui_state - INFO - Выбран датасет: new_HR(not_use)
2026-05-05 11:15:49,428 - src.ui.methods.ui_state - INFO - Выбран датасет: vac
2026-05-05 11:15:58,101 - src.ui.methods.ui_state - INFO - Выбран датасет: new_HR(not_use)
2026-05-05 11:28:17,186 - dependencies - INFO - Все зависимости установлены.
2026-05-05 11:28:17,333 - src.core.dependencies - INFO - Все зависимости установлены.
2026-05-05 11:28:17,335 - src.ui.methods.ui_state - INFO - Система готова к подключению. Нажмите кнопку 'Подключить'.
2026-05-05 11:28:19,028 - src.ui.methods.ui_state - INFO - Попытка подключения к Power BI...
2026-05-05 11:28:19,035 - azure.identity._internal.decorators - WARNING - AzureCliCredential.get_token failed: Azure CLI not found on path
2026-05-05 11:28:19,043 - azure.core.pipeline.policies.http_logging_policy - INFO - Request URL: 'https://login.microsoftonline.com/organizations/v2.0/.well-known/openid-configuration'
Request method: 'GET'
Request headers:
    'User-Agent': 'azsdk-python-identity/1.25.3 Python/3.14.3 (Windows-10-10.0.19044-SP0)'
No body was attached to the request
2026-05-05 11:28:20,024 - azure.core.pipeline.policies.http_logging_policy - INFO - Response status: 200
Response headers:
    'Cache-Control': 'max-age=86400, private'
    'Content-Type': 'application/json; charset=utf-8'
    'Strict-Transport-Security': 'REDACTED'
    'X-Content-Type-Options': 'REDACTED'
    'Access-Control-Allow-Origin': 'REDACTED'
    'Access-Control-Allow-Methods': 'REDACTED'
    'P3P': 'REDACTED'
    'x-ms-request-id': 'd4c46f4e-38aa-402a-b423-7cd1e2550100'
    'x-ms-ests-server': 'REDACTED'
    'x-ms-srs': 'REDACTED'
    'Content-Security-Policy-Report-Only': 'REDACTED'
    'X-XSS-Protection': 'REDACTED'
    'Set-Cookie': 'REDACTED'
    'Date': 'Tue, 05 May 2026 06:28:13 GMT'
    'Content-Length': '1777'
2026-05-05 11:28:23,295 - azure.core.pipeline.policies.http_logging_policy - INFO - Request URL: 'https://login.microsoftonline.com/organizations/oauth2/v2.0/token'
Request method: 'POST'
Request headers:
    'Content-Type': 'application/x-www-form-urlencoded'
    'Accept': 'application/json'
    'x-client-sku': 'REDACTED'
    'x-client-ver': 'REDACTED'
    'x-client-os': 'REDACTED'
    'x-ms-lib-capability': 'REDACTED'
    'client-request-id': 'REDACTED'
    'x-client-current-telemetry': 'REDACTED'
    'x-client-last-telemetry': 'REDACTED'
    'X-AnchorMailbox': 'REDACTED'
    'User-Agent': 'azsdk-python-identity/1.25.3 Python/3.14.3 (Windows-10-10.0.19044-SP0)'
A body is sent with the request
2026-05-05 11:28:23,567 - azure.core.pipeline.policies.http_logging_policy - INFO - Response status: 200
Response headers:
    'Cache-Control': 'no-store, no-cache'
    'Pragma': 'no-cache'
    'Content-Type': 'application/json; charset=utf-8'
    'Expires': '-1'
    'Strict-Transport-Security': 'REDACTED'
    'X-Content-Type-Options': 'REDACTED'
    'x-ms-clientdata': 'REDACTED'
    'P3P': 'REDACTED'
    'client-request-id': 'REDACTED'
    'x-ms-request-id': '4e37e12b-7c4b-4ca1-bfb0-2f93caf35500'
    'x-ms-ests-server': 'REDACTED'
    'x-ms-clitelem': 'REDACTED'
    'x-ms-srs': 'REDACTED'
    'Content-Security-Policy-Report-Only': 'REDACTED'
    'X-XSS-Protection': 'REDACTED'
    'Set-Cookie': 'REDACTED'
    'Date': 'Tue, 05 May 2026 06:28:16 GMT'
    'Content-Length': '6251'
2026-05-05 11:28:23,568 - azure.identity._internal.interactive - INFO - InteractiveBrowserCredential.get_token succeeded
2026-05-05 11:28:23,569 - src.core.powerbi_client - INFO - Аутентификация через Interactive Browser успешна.
2026-05-05 11:28:23,569 - src.ui.methods.ui_state - INFO - ✓ Аутентификация успешна (метод: Interactive Browser)
2026-05-05 11:28:24,515 - src.ui.methods.ui_state - INFO - ✓ Загружено рабочих областей: 2
2026-05-05 11:28:24,516 - src.ui.methods.ui_state - INFO - Выбрана рабочая область: PROFISOFT
2026-05-05 11:28:24,516 - src.ui.methods.ui_state - INFO - Загрузка датасетов из рабочей области 694c8d4f-65f6-45f1-95a2-0edbc610db4c...
2026-05-05 11:28:38,990 - src.ui.methods.ui_state - INFO - ✓ Загружено датасетов: 13
2026-05-05 11:28:38,992 - src.ui.methods.ui_state - INFO - UI обновлен для состояния 'подключено'
2026-05-05 11:28:38,993 - src.ui.methods.ui_state - INFO - Загрузка датасетов из рабочей области 694c8d4f-65f6-45f1-95a2-0edbc610db4c...
2026-05-05 11:28:44,452 - src.ui.methods.ui_state - INFO - ✓ Загружено датасетов: 13
2026-05-05 11:28:47,732 - src.ui.methods.ui_state - INFO - Применены фильтры. Показано датасетов: 10
2026-05-05 11:28:48,844 - src.ui.methods.ui_state - INFO - Применены фильтры. Показано датасетов: 13
2026-05-05 11:28:50,492 - src.ui.methods.ui_state - INFO - Применены фильтры. Показано датасетов: 9
2026-05-05 11:28:51,460 - src.ui.methods.ui_state - INFO - Применены фильтры. Показано датасетов: 13
2026-05-05 11:28:51,996 - src.ui.methods.ui_state - INFO - Применены фильтры. Показано датасетов: 13
2026-05-05 11:28:52,884 - src.ui.methods.ui_state - INFO - Применены фильтры. Показано датасетов: 13
2026-05-05 11:28:53,660 - src.ui.methods.ui_state - INFO - Применены фильтры. Показано датасетов: 1
2026-05-05 11:28:56,348 - src.ui.methods.ui_state - INFO - Применены фильтры. Показано датасетов: 13
2026-05-05 11:28:57,036 - src.ui.methods.ui_state - INFO - Применены фильтры. Показано датасетов: 10
2026-05-05 11:28:57,492 - src.ui.methods.ui_state - INFO - Применены фильтры. Показано датасетов: 13
2026-05-05 11:28:58,044 - src.ui.methods.ui_state - INFO - Применены фильтры. Показано датасетов: 0
2026-05-05 11:28:58,660 - src.ui.methods.ui_state - INFO - Применены фильтры. Показано датасетов: 13
2026-05-05 11:28:59,468 - src.ui.methods.ui_state - INFO - Применены фильтры. Показано датасетов: 13
2026-05-05 11:29:00,052 - src.ui.methods.ui_state - INFO - Применены фильтры. Показано датасетов: 13
2026-05-05 11:29:10,316 - src.ui.methods.ui_state - INFO - Выбран датасет: vac
2026-05-05 11:29:36,884 - src.ui.methods.ui_state - INFO - Выбран датасет: Монитор загрузки_v2
2026-05-05 11:34:57,797 - dependencies - INFO - Все зависимости установлены.
2026-05-05 11:34:57,920 - src.core.dependencies - INFO - Все зависимости установлены.
2026-05-05 11:34:57,921 - src.ui.methods.ui_state - INFO - Система готова к подключению. Нажмите кнопку 'Подключить'.
2026-05-05 11:35:03,940 - src.ui.methods.ui_state - INFO - Попытка подключения к Power BI...
2026-05-05 11:35:03,947 - azure.identity._internal.decorators - WARNING - AzureCliCredential.get_token failed: Azure CLI not found on path
2026-05-05 11:35:03,956 - azure.core.pipeline.policies.http_logging_policy - INFO - Request URL: 'https://login.microsoftonline.com/organizations/v2.0/.well-known/openid-configuration'
Request method: 'GET'
Request headers:
    'User-Agent': 'azsdk-python-identity/1.25.3 Python/3.14.3 (Windows-10-10.0.19044-SP0)'
No body was attached to the request
2026-05-05 11:35:04,730 - azure.core.pipeline.policies.http_logging_policy - INFO - Response status: 200
Response headers:
    'Cache-Control': 'max-age=86400, private'
    'Content-Type': 'application/json; charset=utf-8'
    'Strict-Transport-Security': 'REDACTED'
    'X-Content-Type-Options': 'REDACTED'
    'Access-Control-Allow-Origin': 'REDACTED'
    'Access-Control-Allow-Methods': 'REDACTED'
    'P3P': 'REDACTED'
    'x-ms-request-id': 'df6ba63f-986d-4bab-a8e6-08a8bd990f00'
    'x-ms-ests-server': 'REDACTED'
    'x-ms-srs': 'REDACTED'
    'Content-Security-Policy-Report-Only': 'REDACTED'
    'X-XSS-Protection': 'REDACTED'
    'Set-Cookie': 'REDACTED'
    'Date': 'Tue, 05 May 2026 06:34:58 GMT'
    'Content-Length': '1777'
2026-05-05 11:35:07,251 - azure.core.pipeline.policies.http_logging_policy - INFO - Request URL: 'https://login.microsoftonline.com/organizations/oauth2/v2.0/token'
Request method: 'POST'
Request headers:
    'Content-Type': 'application/x-www-form-urlencoded'
    'Accept': 'application/json'
    'x-client-sku': 'REDACTED'
    'x-client-ver': 'REDACTED'
    'x-client-os': 'REDACTED'
    'x-ms-lib-capability': 'REDACTED'
    'client-request-id': 'REDACTED'
    'x-client-current-telemetry': 'REDACTED'
    'x-client-last-telemetry': 'REDACTED'
    'X-AnchorMailbox': 'REDACTED'
    'User-Agent': 'azsdk-python-identity/1.25.3 Python/3.14.3 (Windows-10-10.0.19044-SP0)'
A body is sent with the request
2026-05-05 11:35:07,487 - azure.core.pipeline.policies.http_logging_policy - INFO - Response status: 200
Response headers:
    'Cache-Control': 'no-store, no-cache'
    'Pragma': 'no-cache'
    'Content-Type': 'application/json; charset=utf-8'
    'Expires': '-1'
    'Strict-Transport-Security': 'REDACTED'
    'X-Content-Type-Options': 'REDACTED'
    'x-ms-clientdata': 'REDACTED'
    'P3P': 'REDACTED'
    'client-request-id': 'REDACTED'
    'x-ms-request-id': '86d24ab6-b16d-404b-b4d2-ea0d21ab5600'
    'x-ms-ests-server': 'REDACTED'
    'x-ms-clitelem': 'REDACTED'
    'x-ms-srs': 'REDACTED'
    'Content-Security-Policy-Report-Only': 'REDACTED'
    'X-XSS-Protection': 'REDACTED'
    'Set-Cookie': 'REDACTED'
    'Date': 'Tue, 05 May 2026 06:35:00 GMT'
    'Content-Length': '6259'
2026-05-05 11:35:07,489 - azure.identity._internal.interactive - INFO - InteractiveBrowserCredential.get_token succeeded
2026-05-05 11:35:07,489 - src.core.powerbi_client - INFO - Аутентификация через Interactive Browser успешна.
2026-05-05 11:35:07,489 - src.ui.methods.ui_state - INFO - ✓ Аутентификация успешна (метод: Interactive Browser)
2026-05-05 11:35:09,222 - src.ui.methods.ui_state - INFO - ✓ Загружено рабочих областей: 2
2026-05-05 11:35:09,222 - src.ui.methods.ui_state - INFO - Выбрана рабочая область: PROFISOFT
2026-05-05 11:35:09,223 - src.ui.methods.ui_state - INFO - Загрузка датасетов из рабочей области 694c8d4f-65f6-45f1-95a2-0edbc610db4c...
2026-05-05 11:35:29,673 - src.ui.methods.ui_state - INFO - ✓ Загружено датасетов: 13
2026-05-05 11:35:29,675 - src.ui.methods.ui_state - INFO - UI обновлен для состояния 'подключено'
2026-05-05 11:35:29,675 - src.ui.methods.ui_state - INFO - Загрузка датасетов из рабочей области 694c8d4f-65f6-45f1-95a2-0edbc610db4c...
2026-05-05 11:35:34,612 - src.ui.methods.ui_state - INFO - ✓ Загружено датасетов: 13
2026-05-05 11:36:00,220 - src.ui.methods.ui_state - INFO - Загрузка датасетов из рабочей области 694c8d4f-65f6-45f1-95a2-0edbc610db4c...
2026-05-05 11:36:05,589 - src.ui.methods.ui_state - INFO - ✓ Загружено датасетов: 13
2026-05-05 11:36:35,395 - src.ui.methods.ui_state - INFO - Выбран датасет: vac
2026-05-05 11:37:42,694 - dependencies - INFO - Все зависимости установлены.
2026-05-05 11:37:42,814 - src.core.dependencies - INFO - Все зависимости установлены.
2026-05-05 11:37:42,815 - src.ui.methods.ui_state - INFO - Система готова к подключению. Нажмите кнопку 'Подключить'.
2026-05-05 11:37:54,979 - src.ui.methods.ui_state - INFO - Попытка подключения к Power BI...
2026-05-05 11:37:54,988 - azure.identity._internal.decorators - WARNING - AzureCliCredential.get_token failed: Azure CLI not found on path
2026-05-05 11:37:54,997 - azure.core.pipeline.policies.http_logging_policy - INFO - Request URL: 'https://login.microsoftonline.com/organizations/v2.0/.well-known/openid-configuration'
Request method: 'GET'
Request headers:
    'User-Agent': 'azsdk-python-identity/1.25.3 Python/3.14.3 (Windows-10-10.0.19044-SP0)'
No body was attached to the request
2026-05-05 11:37:55,768 - azure.core.pipeline.policies.http_logging_policy - INFO - Response status: 200
Response headers:
    'Cache-Control': 'max-age=86400, private'
    'Content-Type': 'application/json; charset=utf-8'
    'Strict-Transport-Security': 'REDACTED'
    'X-Content-Type-Options': 'REDACTED'
    'Access-Control-Allow-Origin': 'REDACTED'
    'Access-Control-Allow-Methods': 'REDACTED'
    'P3P': 'REDACTED'
    'x-ms-request-id': 'bede4115-814a-4701-b06b-beffc56b3900'
    'x-ms-ests-server': 'REDACTED'
    'x-ms-srs': 'REDACTED'
    'Content-Security-Policy-Report-Only': 'REDACTED'
    'X-XSS-Protection': 'REDACTED'
    'Set-Cookie': 'REDACTED'
    'Date': 'Tue, 05 May 2026 06:37:48 GMT'
    'Content-Length': '1777'
2026-05-05 11:38:07,171 - azure.core.pipeline.policies.http_logging_policy - INFO - Request URL: 'https://login.microsoftonline.com/organizations/oauth2/v2.0/token'
Request method: 'POST'
Request headers:
    'Content-Type': 'application/x-www-form-urlencoded'
    'Accept': 'application/json'
    'x-client-sku': 'REDACTED'
    'x-client-ver': 'REDACTED'
    'x-client-os': 'REDACTED'
    'x-ms-lib-capability': 'REDACTED'
    'client-request-id': 'REDACTED'
    'x-client-current-telemetry': 'REDACTED'
    'x-client-last-telemetry': 'REDACTED'
    'X-AnchorMailbox': 'REDACTED'
    'User-Agent': 'azsdk-python-identity/1.25.3 Python/3.14.3 (Windows-10-10.0.19044-SP0)'
A body is sent with the request
2026-05-05 11:38:07,374 - azure.core.pipeline.policies.http_logging_policy - INFO - Response status: 200
Response headers:
    'Cache-Control': 'no-store, no-cache'
    'Pragma': 'no-cache'
    'Content-Type': 'application/json; charset=utf-8'
    'Expires': '-1'
    'Strict-Transport-Security': 'REDACTED'
    'X-Content-Type-Options': 'REDACTED'
    'x-ms-clientdata': 'REDACTED'
    'P3P': 'REDACTED'
    'client-request-id': 'REDACTED'
    'x-ms-request-id': 'f23b088c-84f5-471e-82ee-fe42dea35300'
    'x-ms-ests-server': 'REDACTED'
    'x-ms-clitelem': 'REDACTED'
    'x-ms-srs': 'REDACTED'
    'Content-Security-Policy-Report-Only': 'REDACTED'
    'X-XSS-Protection': 'REDACTED'
    'Set-Cookie': 'REDACTED'
    'Date': 'Tue, 05 May 2026 06:38:00 GMT'
    'Content-Length': '6251'
2026-05-05 11:38:07,375 - azure.identity._internal.interactive - INFO - InteractiveBrowserCredential.get_token succeeded
2026-05-05 11:38:07,375 - src.core.powerbi_client - INFO - Аутентификация через Interactive Browser успешна.
2026-05-05 11:38:07,375 - src.ui.methods.ui_state - INFO - ✓ Аутентификация успешна (метод: Interactive Browser)
2026-05-05 11:38:09,596 - src.ui.methods.ui_state - INFO - ✓ Загружено рабочих областей: 2
2026-05-05 11:38:09,597 - src.ui.methods.ui_state - INFO - Выбрана рабочая область: PROFISOFT
2026-05-05 11:38:09,597 - src.ui.methods.ui_state - INFO - Загрузка датасетов из рабочей области 694c8d4f-65f6-45f1-95a2-0edbc610db4c...
2026-05-05 11:38:14,712 - src.ui.methods.ui_state - INFO - ✓ Загружено датасетов: 13
2026-05-05 11:38:14,714 - src.ui.methods.ui_state - INFO - UI обновлен для состояния 'подключено'
2026-05-05 11:38:14,714 - src.ui.methods.ui_state - INFO - Загрузка датасетов из рабочей области 694c8d4f-65f6-45f1-95a2-0edbc610db4c...
2026-05-05 11:38:19,621 - src.ui.methods.ui_state - INFO - ✓ Загружено датасетов: 13
2026-05-05 11:38:39,108 - src.ui.methods.ui_state - INFO - Обновление списка рабочих областей...
2026-05-05 11:38:39,344 - src.ui.methods.ui_state - INFO - ✓ Загружено рабочих областей: 2
2026-05-05 11:38:39,344 - src.ui.methods.ui_state - INFO - Выбрана рабочая область: PROFISOFT
2026-05-05 11:38:39,344 - src.ui.methods.ui_state - INFO - Загрузка датасетов из рабочей области 694c8d4f-65f6-45f1-95a2-0edbc610db4c...
2026-05-05 11:38:44,025 - src.ui.methods.ui_state - INFO - ✓ Загружено датасетов: 13
2026-05-05 11:38:44,026 - src.ui.methods.ui_state - INFO - Загрузка датасетов из рабочей области 694c8d4f-65f6-45f1-95a2-0edbc610db4c...
2026-05-05 11:38:48,409 - src.ui.methods.ui_state - INFO - ✓ Загружено датасетов: 13
2026-05-05 11:39:05,211 - src.ui.methods.ui_state - INFO - Выбран датасет: vac
2026-05-05 11:39:09,115 - src.ui.methods.ui_state - INFO - Выбран датасет: Монитор загрузки_v2
2026-05-05 11:57:06,546 - src.ui.methods.ui_state - INFO - Загрузка датасетов из рабочей области 694c8d4f-65f6-45f1-95a2-0edbc610db4c...
2026-05-05 11:57:06,625 - src.integration.ui_integration - ERROR - Ошибка получения списка датасетов: Ошибка сети при запросе к https://api.powerbi.com/v1.0/myorg/groups/694c8d4f-65f6-45f1-95a2-0edbc610db4c/datasets: ('Connection aborted.', ConnectionResetError(10054, 'Удаленный хост принудительно разорвал существующее подключение', None, 10054, None))
2026-05-05 11:57:06,625 - src.ui.methods.ui_state - INFO - ✓ Загружено датасетов: 0
2026-05-05 11:57:58,102 - dependencies - INFO - Все зависимости установлены.
2026-05-05 11:57:58,215 - src.core.dependencies - INFO - Все зависимости установлены.
2026-05-05 11:57:58,216 - src.ui.methods.ui_state - INFO - Система готова к подключению. Нажмите кнопку 'Подключить'.
2026-05-05 11:58:02,178 - src.ui.methods.ui_state - INFO - Попытка подключения к Power BI...
2026-05-05 11:58:02,185 - azure.identity._internal.decorators - WARNING - AzureCliCredential.get_token failed: Azure CLI not found on path
2026-05-05 11:58:02,227 - azure.core.pipeline.policies.http_logging_policy - INFO - Request URL: 'https://login.microsoftonline.com/organizations/v2.0/.well-known/openid-configuration'
Request method: 'GET'
Request headers:
    'User-Agent': 'azsdk-python-identity/1.25.3 Python/3.14.3 (Windows-10-10.0.19044-SP0)'
No body was attached to the request
2026-05-05 11:58:02,974 - azure.core.pipeline.policies.http_logging_policy - INFO - Response status: 200
Response headers:
    'Cache-Control': 'max-age=86400, private'
    'Content-Type': 'application/json; charset=utf-8'
    'Strict-Transport-Security': 'REDACTED'
    'X-Content-Type-Options': 'REDACTED'
    'Access-Control-Allow-Origin': 'REDACTED'
    'Access-Control-Allow-Methods': 'REDACTED'
    'P3P': 'REDACTED'
    'x-ms-request-id': 'e3ade3cc-b41f-4e92-8d57-130536a26400'
    'x-ms-ests-server': 'REDACTED'
    'x-ms-srs': 'REDACTED'
    'Content-Security-Policy-Report-Only': 'REDACTED'
    'X-XSS-Protection': 'REDACTED'
    'Set-Cookie': 'REDACTED'
    'Date': 'Tue, 05 May 2026 06:57:56 GMT'
    'Content-Length': '1777'
2026-05-05 11:58:12,760 - azure.core.pipeline.policies.http_logging_policy - INFO - Request URL: 'https://login.microsoftonline.com/organizations/oauth2/v2.0/token'
Request method: 'POST'
Request headers:
    'Content-Type': 'application/x-www-form-urlencoded'
    'Accept': 'application/json'
    'x-client-sku': 'REDACTED'
    'x-client-ver': 'REDACTED'
    'x-client-os': 'REDACTED'
    'x-ms-lib-capability': 'REDACTED'
    'client-request-id': 'REDACTED'
    'x-client-current-telemetry': 'REDACTED'
    'x-client-last-telemetry': 'REDACTED'
    'X-AnchorMailbox': 'REDACTED'
    'User-Agent': 'azsdk-python-identity/1.25.3 Python/3.14.3 (Windows-10-10.0.19044-SP0)'
A body is sent with the request
2026-05-05 11:58:12,991 - azure.core.pipeline.policies.http_logging_policy - INFO - Response status: 200
Response headers:
    'Cache-Control': 'no-store, no-cache'
    'Pragma': 'no-cache'
    'Content-Type': 'application/json; charset=utf-8'
    'Expires': '-1'
    'Strict-Transport-Security': 'REDACTED'
    'X-Content-Type-Options': 'REDACTED'
    'x-ms-clientdata': 'REDACTED'
    'P3P': 'REDACTED'
    'client-request-id': 'REDACTED'
    'x-ms-request-id': 'e87ab98f-8d7c-4945-9a6a-38369f015300'
    'x-ms-ests-server': 'REDACTED'
    'x-ms-clitelem': 'REDACTED'
    'x-ms-srs': 'REDACTED'
    'Content-Security-Policy-Report-Only': 'REDACTED'
    'X-XSS-Protection': 'REDACTED'
    'Set-Cookie': 'REDACTED'
    'Date': 'Tue, 05 May 2026 06:58:06 GMT'
    'Content-Length': '6262'
2026-05-05 11:58:12,992 - azure.identity._internal.interactive - INFO - InteractiveBrowserCredential.get_token succeeded
2026-05-05 11:58:12,992 - src.core.powerbi_client - INFO - Аутентификация через Interactive Browser успешна.
2026-05-05 11:58:12,992 - src.ui.methods.ui_state - INFO - ✓ Аутентификация успешна (метод: Interactive Browser)
2026-05-05 11:58:15,375 - src.ui.methods.ui_state - INFO - ✓ Загружено рабочих областей: 2
2026-05-05 11:58:15,375 - src.ui.methods.ui_state - INFO - Выбрана рабочая область: PROFISOFT
2026-05-05 11:58:15,376 - src.ui.methods.ui_state - INFO - Загрузка датасетов из рабочей области 694c8d4f-65f6-45f1-95a2-0edbc610db4c...
2026-05-05 11:58:34,768 - src.ui.methods.ui_state - INFO - ✓ Загружено датасетов: 13
2026-05-05 11:58:34,771 - src.ui.methods.ui_state - INFO - UI обновлен для состояния 'подключено'
2026-05-05 11:58:34,771 - src.ui.methods.ui_state - INFO - Загрузка датасетов из рабочей области 694c8d4f-65f6-45f1-95a2-0edbc610db4c...
2026-05-05 11:58:41,026 - src.ui.methods.ui_state - INFO - ✓ Загружено датасетов: 13
2026-05-05 12:00:05,354 - src.ui.methods.ui_state - INFO - Применены фильтры. Показано датасетов: 9
2026-05-05 12:00:13,098 - src.ui.methods.ui_state - INFO - Выбран датасет: гЕЙМИФИКАЦИЯ (not_use)
2026-05-05 12:30:03,237 - dependencies - INFO - Все зависимости установлены.
2026-05-05 12:30:03,349 - src.core.dependencies - INFO - Все зависимости установлены.
2026-05-05 12:30:03,351 - src.ui.methods.ui_state - INFO - Система готова к подключению. Нажмите кнопку 'Подключить'.
2026-05-05 12:30:04,448 - src.ui.methods.ui_state - INFO - Попытка подключения к Power BI...
2026-05-05 12:30:04,455 - azure.identity._internal.decorators - WARNING - AzureCliCredential.get_token failed: Azure CLI not found on path
2026-05-05 12:30:04,463 - azure.core.pipeline.policies.http_logging_policy - INFO - Request URL: 'https://login.microsoftonline.com/organizations/v2.0/.well-known/openid-configuration'
Request method: 'GET'
Request headers:
    'User-Agent': 'azsdk-python-identity/1.25.3 Python/3.14.3 (Windows-10-10.0.19044-SP0)'
No body was attached to the request
2026-05-05 12:30:05,258 - azure.core.pipeline.policies.http_logging_policy - INFO - Response status: 200
Response headers:
    'Cache-Control': 'max-age=86400, private'
    'Content-Type': 'application/json; charset=utf-8'
    'Strict-Transport-Security': 'REDACTED'
    'X-Content-Type-Options': 'REDACTED'
    'Access-Control-Allow-Origin': 'REDACTED'
    'Access-Control-Allow-Methods': 'REDACTED'
    'P3P': 'REDACTED'
    'x-ms-request-id': '30a1895e-cf00-4f27-a602-c834745e1200'
    'x-ms-ests-server': 'REDACTED'
    'x-ms-srs': 'REDACTED'
    'Content-Security-Policy-Report-Only': 'REDACTED'
    'X-XSS-Protection': 'REDACTED'
    'Set-Cookie': 'REDACTED'
    'Date': 'Tue, 05 May 2026 07:29:59 GMT'
    'Content-Length': '1777'
2026-05-05 12:30:07,926 - azure.core.pipeline.policies.http_logging_policy - INFO - Request URL: 'https://login.microsoftonline.com/organizations/oauth2/v2.0/token'
Request method: 'POST'
Request headers:
    'Content-Type': 'application/x-www-form-urlencoded'
    'Accept': 'application/json'
    'x-client-sku': 'REDACTED'
    'x-client-ver': 'REDACTED'
    'x-client-os': 'REDACTED'
    'x-ms-lib-capability': 'REDACTED'
    'client-request-id': 'REDACTED'
    'x-client-current-telemetry': 'REDACTED'
    'x-client-last-telemetry': 'REDACTED'
    'X-AnchorMailbox': 'REDACTED'
    'User-Agent': 'azsdk-python-identity/1.25.3 Python/3.14.3 (Windows-10-10.0.19044-SP0)'
A body is sent with the request
2026-05-05 12:30:08,162 - azure.core.pipeline.policies.http_logging_policy - INFO - Response status: 200
Response headers:
    'Cache-Control': 'no-store, no-cache'
    'Pragma': 'no-cache'
    'Content-Type': 'application/json; charset=utf-8'
    'Expires': '-1'
    'Strict-Transport-Security': 'REDACTED'
    'X-Content-Type-Options': 'REDACTED'
    'x-ms-clientdata': 'REDACTED'
    'P3P': 'REDACTED'
    'client-request-id': 'REDACTED'
    'x-ms-request-id': '07d1d3c7-5261-4f6f-9fd6-6aab9e998200'
    'x-ms-ests-server': 'REDACTED'
    'x-ms-clitelem': 'REDACTED'
    'x-ms-srs': 'REDACTED'
    'Content-Security-Policy-Report-Only': 'REDACTED'
    'X-XSS-Protection': 'REDACTED'
    'Set-Cookie': 'REDACTED'
    'Date': 'Tue, 05 May 2026 07:30:01 GMT'
    'Content-Length': '6255'
2026-05-05 12:30:08,164 - azure.identity._internal.interactive - INFO - InteractiveBrowserCredential.get_token succeeded
2026-05-05 12:30:08,164 - src.core.powerbi_client - INFO - Аутентификация через Interactive Browser успешна.
2026-05-05 12:30:08,165 - src.ui.methods.ui_state - INFO - ✓ Аутентификация успешна (метод: Interactive Browser)
2026-05-05 12:30:09,672 - src.ui.methods.ui_state - INFO - ✓ Загружено рабочих областей: 2
2026-05-05 12:30:09,672 - src.ui.methods.ui_state - INFO - Выбрана рабочая область: PROFISOFT
2026-05-05 12:30:09,672 - src.ui.methods.ui_state - INFO - Загрузка датасетов из рабочей области 694c8d4f-65f6-45f1-95a2-0edbc610db4c...
2026-05-05 12:30:42,260 - src.ui.methods.ui_state - INFO - ✓ Загружено датасетов: 13
2026-05-05 12:30:42,265 - src.ui.methods.ui_state - INFO - UI обновлен для состояния 'подключено'
2026-05-05 12:30:42,266 - src.ui.methods.ui_state - INFO - Загрузка датасетов из рабочей области 694c8d4f-65f6-45f1-95a2-0edbc610db4c...
2026-05-05 12:30:47,153 - src.ui.methods.ui_state - INFO - ✓ Загружено датасетов: 13
2026-05-05 12:30:48,864 - src.ui.methods.ui_state - INFO - Выбран датасет: КФУ
2026-05-05 12:30:50,208 - src.ui.methods.ui_state - INFO - Выбран датасет: Монитор загрузки_v2
2026-05-05 12:30:51,200 - src.ui.methods.ui_state - INFO - Выбран датасет: vac
2026-05-05 12:30:52,487 - src.ui.methods.ui_state - INFO - Выбран датасет: Монитор загрузки_v2
2026-05-05 12:31:00,736 - src.ui.methods.ui_state - INFO - Выбран датасет: vac
2026-05-05 12:31:09,312 - src.ui.methods.ui_state - INFO - Выбран датасет: crm
2026-05-05 12:31:36,336 - src.ui.methods.ui_state - INFO - Применены фильтры. Показано датасетов: 10
2026-05-05 12:31:43,752 - src.ui.methods.ui_state - INFO - Выбран датасет: crm
2026-05-05 12:31:53,696 - src.ui.methods.ui_state - INFO - Включение автообновления для датасета crm...
2026-05-05 12:31:53,696 - src.core.refresh_manager - INFO - Включение автообновления для датасета 3845f854-73c4-43e8-81bc-e26bfc9d5b1d в workspace 694c8d4f-65f6-45f1-95a2-0edbc610db4c
2026-05-05 12:31:54,726 - src.ui.methods.ui_state - INFO - ✗ Ошибка включения автообновления: Не удалось разобрать JSON ответ от https://api.powerbi.com/v1.0/myorg/groups/694c8d4f-65f6-45f1-95a2-0edbc610db4c/datasets/3845f854-73c4-43e8-81bc-e26bfc9d5b1d/refreshSchedule: Expecting value: line 1 column 1 (char 0)
2026-05-05 12:32:56,408 - src.ui.methods.ui_state - INFO - Загрузка датасетов из рабочей области 694c8d4f-65f6-45f1-95a2-0edbc610db4c...
2026-05-05 12:33:01,736 - src.ui.methods.ui_state - INFO - ✓ Загружено датасетов: 13
2026-05-05 12:33:03,912 - src.ui.methods.ui_state - INFO - Применены фильтры. Показано датасетов: 13
2026-05-05 12:33:04,312 - src.ui.methods.ui_state - INFO - Применены фильтры. Показано датасетов: 10
2026-05-05 12:33:05,944 - src.ui.methods.ui_state - INFO - Применены фильтры. Показано датасетов: 13
2026-05-05 12:33:07,440 - src.ui.methods.ui_state - INFO - Применены фильтры. Показано датасетов: 11
2026-05-05 12:33:13,183 - src.ui.methods.ui_state - INFO - Выбран датасет: vac
2026-05-05 12:33:23,352 - src.ui.methods.ui_state - INFO - Отключение автообновления для датасета vac...
2026-05-05 12:33:23,352 - src.core.refresh_manager - INFO - Отключение автообновления для датасета 1f0dc653-379f-452a-8b9e-2a706418eac8 в workspace 694c8d4f-65f6-45f1-95a2-0edbc610db4c
2026-05-05 12:33:24,080 - src.ui.methods.ui_state - INFO - ✗ Ошибка отключения автообновления: Не удалось разобрать JSON ответ от https://api.powerbi.com/v1.0/myorg/groups/694c8d4f-65f6-45f1-95a2-0edbc610db4c/datasets/1f0dc653-379f-452a-8b9e-2a706418eac8/refreshSchedule: Expecting value: line 1 column 1 (char 0)
2026-05-05 12:34:25,544 - src.ui.methods.ui_state - INFO - Применены фильтры. Показано датасетов: 13
2026-05-05 12:34:26,768 - src.ui.methods.ui_state - INFO - Применены фильтры. Показано датасетов: 10
2026-05-05 12:34:27,561 - src.ui.methods.ui_state - INFO - Применены фильтры. Показано датасетов: 13
2026-05-05 12:34:28,287 - src.ui.methods.ui_state - INFO - Применены фильтры. Показано датасетов: 1
2026-05-05 12:34:29,024 - src.ui.methods.ui_state - INFO - Применены фильтры. Показано датасетов: 13
2026-05-05 12:34:37,007 - src.ui.methods.ui_state - INFO - Выбран датасет: гЕЙМИФИКАЦИЯ (not_use)
2026-05-05 12:37:52,552 - src.ui.methods.ui_state - INFO - Выбрана рабочая область: Admin monitoring
2026-05-05 12:37:52,552 - src.ui.methods.ui_state - INFO - Загрузка датасетов из рабочей области 9b49ecba-432b-4fae-898e-e474f512e8b7...
2026-05-05 12:37:54,311 - src.ui.methods.ui_state - INFO - ✓ Загружено датасетов: 2
2026-05-05 12:38:42,528 - src.ui.methods.ui_state - INFO - Выбрана рабочая область: PROFISOFT
2026-05-05 12:38:42,528 - src.ui.methods.ui_state - INFO - Загрузка датасетов из рабочей области 694c8d4f-65f6-45f1-95a2-0edbc610db4c...
2026-05-05 12:38:59,876 - src.ui.methods.ui_state - INFO - ✓ Загружено датасетов: 13
2026-05-05 12:46:48,994 - dependencies - INFO - Все зависимости установлены.
2026-05-05 12:46:49,118 - src.core.dependencies - INFO - Все зависимости установлены.
2026-05-05 12:46:49,119 - src.ui.methods.ui_state - INFO - Система готова к подключению. Нажмите кнопку 'Подключить'.
2026-05-05 12:46:50,927 - src.ui.methods.ui_state - INFO - Попытка подключения к Power BI...
2026-05-05 12:46:50,933 - azure.identity._internal.decorators - WARNING - AzureCliCredential.get_token failed: Azure CLI not found on path
2026-05-05 12:46:50,941 - azure.core.pipeline.policies.http_logging_policy - INFO - Request URL: 'https://login.microsoftonline.com/organizations/v2.0/.well-known/openid-configuration'
Request method: 'GET'
Request headers:
    'User-Agent': 'azsdk-python-identity/1.25.3 Python/3.14.3 (Windows-10-10.0.19044-SP0)'
No body was attached to the request
2026-05-05 12:46:51,709 - azure.core.pipeline.policies.http_logging_policy - INFO - Response status: 200
Response headers:
    'Cache-Control': 'max-age=86400, private'
    'Content-Type': 'application/json; charset=utf-8'
    'Strict-Transport-Security': 'REDACTED'
    'X-Content-Type-Options': 'REDACTED'
    'Access-Control-Allow-Origin': 'REDACTED'
    'Access-Control-Allow-Methods': 'REDACTED'
    'P3P': 'REDACTED'
    'x-ms-request-id': '77320c44-c527-461a-828e-91639bf19400'
    'x-ms-ests-server': 'REDACTED'
    'x-ms-srs': 'REDACTED'
    'Content-Security-Policy-Report-Only': 'REDACTED'
    'X-XSS-Protection': 'REDACTED'
    'Set-Cookie': 'REDACTED'
    'Date': 'Tue, 05 May 2026 07:46:45 GMT'
    'Content-Length': '1777'
2026-05-05 12:46:54,577 - azure.core.pipeline.policies.http_logging_policy - INFO - Request URL: 'https://login.microsoftonline.com/organizations/oauth2/v2.0/token'
Request method: 'POST'
Request headers:
    'Content-Type': 'application/x-www-form-urlencoded'
    'Accept': 'application/json'
    'x-client-sku': 'REDACTED'
    'x-client-ver': 'REDACTED'
    'x-client-os': 'REDACTED'
    'x-ms-lib-capability': 'REDACTED'
    'client-request-id': 'REDACTED'
    'x-client-current-telemetry': 'REDACTED'
    'x-client-last-telemetry': 'REDACTED'
    'X-AnchorMailbox': 'REDACTED'
    'User-Agent': 'azsdk-python-identity/1.25.3 Python/3.14.3 (Windows-10-10.0.19044-SP0)'
A body is sent with the request
2026-05-05 12:46:54,841 - azure.core.pipeline.policies.http_logging_policy - INFO - Response status: 200
Response headers:
    'Cache-Control': 'no-store, no-cache'
    'Pragma': 'no-cache'
    'Content-Type': 'application/json; charset=utf-8'
    'Expires': '-1'
    'Strict-Transport-Security': 'REDACTED'
    'X-Content-Type-Options': 'REDACTED'
    'x-ms-clientdata': 'REDACTED'
    'P3P': 'REDACTED'
    'client-request-id': 'REDACTED'
    'x-ms-request-id': '953400af-83a9-4ea6-ae8a-267439926500'
    'x-ms-ests-server': 'REDACTED'
    'x-ms-clitelem': 'REDACTED'
    'x-ms-srs': 'REDACTED'
    'Content-Security-Policy-Report-Only': 'REDACTED'
    'X-XSS-Protection': 'REDACTED'
    'Set-Cookie': 'REDACTED'
    'Date': 'Tue, 05 May 2026 07:46:48 GMT'
    'Content-Length': '6250'
2026-05-05 12:46:54,844 - azure.identity._internal.interactive - INFO - InteractiveBrowserCredential.get_token succeeded
2026-05-05 12:46:54,845 - src.core.powerbi_client - INFO - Аутентификация через Interactive Browser успешна.
2026-05-05 12:46:54,846 - src.ui.methods.ui_state - INFO - ✓ Аутентификация успешна (метод: Interactive Browser)
2026-05-05 12:46:56,060 - src.ui.methods.ui_state - INFO - ✓ Загружено рабочих областей: 2
2026-05-05 12:46:56,062 - src.ui.methods.ui_state - INFO - Выбрана рабочая область: PROFISOFT
2026-05-05 12:46:56,063 - src.ui.methods.ui_state - INFO - Загрузка датасетов из рабочей области 694c8d4f-65f6-45f1-95a2-0edbc610db4c...
2026-05-05 12:47:06,376 - src.ui.methods.ui_state - INFO - ✓ Загружено датасетов: 13
2026-05-05 12:47:06,380 - src.ui.methods.ui_state - INFO - UI обновлен для состояния 'подключено'
2026-05-05 12:47:06,380 - src.ui.methods.ui_state - INFO - Загрузка датасетов из рабочей области 694c8d4f-65f6-45f1-95a2-0edbc610db4c...
2026-05-05 12:47:11,039 - src.ui.methods.ui_state - INFO - ✓ Загружено датасетов: 13
2026-05-05 12:47:22,632 - src.ui.methods.ui_state - INFO - Не выбран датасет или рабочая область
2026-05-05 12:47:32,863 - src.ui.methods.ui_state - INFO - Применены фильтры. Показано датасетов: 10
2026-05-05 12:47:34,679 - src.ui.methods.ui_state - INFO - Применены фильтры. Показано датасетов: 13
2026-05-05 12:48:06,519 - src.ui.methods.ui_state - INFO - Выбран датасет: vac
2026-05-05 12:48:09,927 - src.ui.methods.ui_state - INFO - Включение автообновления для датасета vac...
2026-05-05 12:48:09,927 - src.core.refresh_manager - INFO - Включение автообновления для датасета 1f0dc653-379f-452a-8b9e-2a706418eac8 в workspace 694c8d4f-65f6-45f1-95a2-0edbc610db4c
2026-05-05 12:48:11,621 - src.ui.methods.ui_state - INFO - ✗ Ошибка включения автообновления: Ошибка 400 при запросе к https://api.powerbi.com/v1.0/myorg/groups/694c8d4f-65f6-45f1-95a2-0edbc610db4c/datasets/1f0dc653-379f-452a-8b9e-2a706418eac8/refreshSchedule: {"error":{"code":"BadRequest","message":"Bad Request","details":[{"message":"Invalid value","target":"datasetModelRefreshSchedule"}]}}
2026-05-05 12:50:12,607 - src.ui.methods.ui_state - INFO - Загрузка датасетов из рабочей области 694c8d4f-65f6-45f1-95a2-0edbc610db4c...
2026-05-05 12:50:18,015 - src.ui.methods.ui_state - INFO - ✓ Загружено датасетов: 13
2026-05-05 12:50:29,966 - src.ui.methods.ui_state - INFO - Выбран датасет: vac
2026-05-05 12:55:43,108 - dependencies - INFO - Все зависимости установлены.
2026-05-05 12:55:43,233 - src.core.dependencies - INFO - Все зависимости установлены.
2026-05-05 12:55:43,235 - src.ui.methods.ui_state - INFO - Система готова к подключению. Нажмите кнопку 'Подключить'.
2026-05-05 12:55:44,606 - src.ui.methods.ui_state - INFO - Попытка подключения к Power BI...
2026-05-05 12:55:44,614 - azure.identity._internal.decorators - WARNING - AzureCliCredential.get_token failed: Azure CLI not found on path
2026-05-05 12:55:44,622 - azure.core.pipeline.policies.http_logging_policy - INFO - Request URL: 'https://login.microsoftonline.com/organizations/v2.0/.well-known/openid-configuration'
Request method: 'GET'
Request headers:
    'User-Agent': 'azsdk-python-identity/1.25.3 Python/3.14.3 (Windows-10-10.0.19044-SP0)'
No body was attached to the request
2026-05-05 12:55:45,546 - azure.core.pipeline.policies.http_logging_policy - INFO - Response status: 200
Response headers:
    'Cache-Control': 'max-age=86400, private'
    'Content-Type': 'application/json; charset=utf-8'
    'Strict-Transport-Security': 'REDACTED'
    'X-Content-Type-Options': 'REDACTED'
    'Access-Control-Allow-Origin': 'REDACTED'
    'Access-Control-Allow-Methods': 'REDACTED'
    'P3P': 'REDACTED'
    'x-ms-request-id': '848af54d-bbd0-45fb-9c7e-d227b0040e00'
    'x-ms-ests-server': 'REDACTED'
    'x-ms-srs': 'REDACTED'
    'Content-Security-Policy-Report-Only': 'REDACTED'
    'X-XSS-Protection': 'REDACTED'
    'Set-Cookie': 'REDACTED'
    'Date': 'Tue, 05 May 2026 07:55:39 GMT'
    'Content-Length': '1777'
2026-05-05 12:55:50,936 - azure.core.pipeline.policies.http_logging_policy - INFO - Request URL: 'https://login.microsoftonline.com/organizations/oauth2/v2.0/token'
Request method: 'POST'
Request headers:
    'Content-Type': 'application/x-www-form-urlencoded'
    'Accept': 'application/json'
    'x-client-sku': 'REDACTED'
    'x-client-ver': 'REDACTED'
    'x-client-os': 'REDACTED'
    'x-ms-lib-capability': 'REDACTED'
    'client-request-id': 'REDACTED'
    'x-client-current-telemetry': 'REDACTED'
    'x-client-last-telemetry': 'REDACTED'
    'X-AnchorMailbox': 'REDACTED'
    'User-Agent': 'azsdk-python-identity/1.25.3 Python/3.14.3 (Windows-10-10.0.19044-SP0)'
A body is sent with the request
2026-05-05 12:55:51,188 - azure.core.pipeline.policies.http_logging_policy - INFO - Response status: 200
Response headers:
    'Cache-Control': 'no-store, no-cache'
    'Pragma': 'no-cache'
    'Content-Type': 'application/json; charset=utf-8'
    'Expires': '-1'
    'Strict-Transport-Security': 'REDACTED'
    'X-Content-Type-Options': 'REDACTED'
    'x-ms-clientdata': 'REDACTED'
    'P3P': 'REDACTED'
    'client-request-id': 'REDACTED'
    'x-ms-request-id': '5b1a475f-e084-46cb-ac8d-2e8988146100'
    'x-ms-ests-server': 'REDACTED'
    'x-ms-clitelem': 'REDACTED'
    'x-ms-srs': 'REDACTED'
    'Content-Security-Policy-Report-Only': 'REDACTED'
    'X-XSS-Protection': 'REDACTED'
    'Set-Cookie': 'REDACTED'
    'Date': 'Tue, 05 May 2026 07:55:44 GMT'
    'Content-Length': '6257'
2026-05-05 12:55:51,190 - azure.identity._internal.interactive - INFO - InteractiveBrowserCredential.get_token succeeded
2026-05-05 12:55:51,190 - src.core.powerbi_client - INFO - Аутентификация через Interactive Browser успешна.
2026-05-05 12:55:51,191 - src.ui.methods.ui_state - INFO - ✓ Аутентификация успешна (метод: Interactive Browser)
2026-05-05 12:55:52,167 - src.ui.methods.ui_state - INFO - ✓ Загружено рабочих областей: 2
2026-05-05 12:55:52,167 - src.ui.methods.ui_state - INFO - Выбрана рабочая область: PROFISOFT
2026-05-05 12:55:52,167 - src.ui.methods.ui_state - INFO - Загрузка датасетов из рабочей области 694c8d4f-65f6-45f1-95a2-0edbc610db4c...
2026-05-05 12:56:02,386 - src.ui.methods.ui_state - INFO - ✓ Загружено датасетов: 13
2026-05-05 12:56:02,387 - src.ui.methods.ui_state - INFO - UI обновлен для состояния 'подключено'
2026-05-05 12:56:02,387 - src.ui.methods.ui_state - INFO - Загрузка датасетов из рабочей области 694c8d4f-65f6-45f1-95a2-0edbc610db4c...
2026-05-05 12:56:07,073 - src.ui.methods.ui_state - INFO - ✓ Загружено датасетов: 13
2026-05-05 12:56:11,023 - src.ui.methods.ui_state - INFO - Не выбран датасет или рабочая область
2026-05-05 12:56:20,294 - src.ui.methods.ui_state - INFO - Выбран датасет: vac
2026-05-05 12:56:21,814 - src.ui.methods.ui_state - INFO - Включение автообновления для датасета vac...
2026-05-05 12:56:21,815 - src.core.refresh_manager - INFO - Включение автообновления для датасета 1f0dc653-379f-452a-8b9e-2a706418eac8 в workspace 694c8d4f-65f6-45f1-95a2-0edbc610db4c
2026-05-05 12:56:21,966 - src.ui.methods.ui_state - INFO - ✗ Ошибка включения автообновления: Ошибка 400 при запросе к https://api.powerbi.com/v1.0/myorg/groups/694c8d4f-65f6-45f1-95a2-0edbc610db4c/datasets/1f0dc653-379f-452a-8b9e-2a706418eac8/refreshSchedule: {"error":{"code":"BadRequest","message":"Bad Request","details":[{"message":"Invalid value","target":"datasetModelRefreshSchedule"}]}}
2026-05-05 12:56:51,047 - src.ui.methods.ui_state - INFO - Запуск ручного обновления для датасета vac...
2026-05-05 12:56:51,047 - src.ui.methods.ui_state - INFO - ✗ Ошибка запуска ручного обновления: 'UIDataProvider' object has no attribute 'refresh_dataset'
2026-05-05 12:56:57,359 - src.ui.methods.ui_state - INFO - Обновление данных...
2026-05-05 12:56:57,360 - src.ui.methods.ui_state - INFO - Загрузка датасетов из рабочей области 694c8d4f-65f6-45f1-95a2-0edbc610db4c...
2026-05-05 12:57:01,926 - src.ui.methods.ui_state - INFO - ✓ Загружено датасетов: 13
2026-05-05 12:57:01,927 - src.ui.methods.ui_state - INFO - ✓ Данные обновлены
2026-05-05 14:30:06,528 - dependencies - INFO - Все зависимости установлены.
2026-05-05 14:30:06,658 - src.core.dependencies - INFO - Все зависимости установлены.
2026-05-05 14:30:06,659 - src.ui.methods.ui_state - INFO - Система готова к подключению. Нажмите кнопку 'Подключить'.
2026-05-05 14:30:08,212 - src.ui.methods.ui_state - INFO - Попытка подключения к Power BI...
2026-05-05 14:30:08,219 - azure.identity._internal.decorators - WARNING - AzureCliCredential.get_token failed: Azure CLI not found on path
2026-05-05 14:30:08,225 - azure.core.pipeline.policies.http_logging_policy - INFO - Request URL: 'https://login.microsoftonline.com/organizations/v2.0/.well-known/openid-configuration'
Request method: 'GET'
Request headers:
    'User-Agent': 'azsdk-python-identity/1.25.3 Python/3.14.3 (Windows-10-10.0.19044-SP0)'
No body was attached to the request
2026-05-05 14:30:09,111 - azure.core.pipeline.policies.http_logging_policy - INFO - Response status: 200
Response headers:
    'Cache-Control': 'max-age=86400, private'
    'Content-Type': 'application/json; charset=utf-8'
    'Strict-Transport-Security': 'REDACTED'
    'X-Content-Type-Options': 'REDACTED'
    'Access-Control-Allow-Origin': 'REDACTED'
    'Access-Control-Allow-Methods': 'REDACTED'
    'P3P': 'REDACTED'
    'x-ms-request-id': 'c3b8e07e-8c76-4954-8192-0a00688a1a00'
    'x-ms-ests-server': 'REDACTED'
    'x-ms-srs': 'REDACTED'
    'Content-Security-Policy-Report-Only': 'REDACTED'
    'X-XSS-Protection': 'REDACTED'
    'Set-Cookie': 'REDACTED'
    'Date': 'Tue, 05 May 2026 09:30:02 GMT'
    'Content-Length': '1777'
2026-05-05 14:30:15,099 - azure.core.pipeline.policies.http_logging_policy - INFO - Request URL: 'https://login.microsoftonline.com/organizations/oauth2/v2.0/token'
Request method: 'POST'
Request headers:
    'Content-Type': 'application/x-www-form-urlencoded'
    'Accept': 'application/json'
    'x-client-sku': 'REDACTED'
    'x-client-ver': 'REDACTED'
    'x-client-os': 'REDACTED'
    'x-ms-lib-capability': 'REDACTED'
    'client-request-id': 'REDACTED'
    'x-client-current-telemetry': 'REDACTED'
    'x-client-last-telemetry': 'REDACTED'
    'X-AnchorMailbox': 'REDACTED'
    'User-Agent': 'azsdk-python-identity/1.25.3 Python/3.14.3 (Windows-10-10.0.19044-SP0)'
A body is sent with the request
2026-05-05 14:30:15,326 - azure.core.pipeline.policies.http_logging_policy - INFO - Response status: 200
Response headers:
    'Cache-Control': 'no-store, no-cache'
    'Pragma': 'no-cache'
    'Content-Type': 'application/json; charset=utf-8'
    'Expires': '-1'
    'Strict-Transport-Security': 'REDACTED'
    'X-Content-Type-Options': 'REDACTED'
    'x-ms-clientdata': 'REDACTED'
    'P3P': 'REDACTED'
    'client-request-id': 'REDACTED'
    'x-ms-request-id': '062b1362-4ff9-4eeb-a0f2-32af190d4800'
    'x-ms-ests-server': 'REDACTED'
    'x-ms-clitelem': 'REDACTED'
    'x-ms-srs': 'REDACTED'
    'Content-Security-Policy-Report-Only': 'REDACTED'
    'X-XSS-Protection': 'REDACTED'
    'Set-Cookie': 'REDACTED'
    'Date': 'Tue, 05 May 2026 09:30:15 GMT'
    'Content-Length': '6259'
2026-05-05 14:30:15,327 - azure.identity._internal.interactive - INFO - InteractiveBrowserCredential.get_token succeeded
2026-05-05 14:30:15,327 - src.core.powerbi_client - INFO - Аутентификация через Interactive Browser успешна.
2026-05-05 14:30:15,327 - src.ui.methods.ui_state - INFO - ✓ Аутентификация успешна (метод: Interactive Browser)
2026-05-05 14:30:16,346 - src.ui.methods.ui_state - INFO - ✓ Загружено рабочих областей: 2
2026-05-05 14:30:16,347 - src.ui.methods.ui_state - INFO - Выбрана рабочая область: PROFISOFT
2026-05-05 14:30:16,347 - src.ui.methods.ui_state - INFO - Загрузка датасетов из рабочей области 694c8d4f-65f6-45f1-95a2-0edbc610db4c...
2026-05-05 14:30:36,436 - src.ui.methods.ui_state - INFO - ✓ Загружено датасетов: 13
2026-05-05 14:30:36,438 - src.ui.methods.ui_state - INFO - UI обновлен для состояния 'подключено'
2026-05-05 14:30:36,438 - src.ui.methods.ui_state - INFO - Загрузка датасетов из рабочей области 694c8d4f-65f6-45f1-95a2-0edbc610db4c...
2026-05-05 14:30:40,616 - src.ui.methods.ui_state - INFO - ✓ Загружено датасетов: 13
2026-05-05 14:30:48,109 - src.ui.methods.ui_state - INFO - Не выбран датасет или рабочая область
2026-05-05 14:30:51,708 - src.ui.methods.ui_state - INFO - Выбран датасет: vac
2026-05-05 14:30:52,604 - src.ui.methods.ui_state - INFO - Включение автообновления для датасета vac...
2026-05-05 14:30:52,605 - src.core.refresh_manager - INFO - Включение автообновления для датасета 1f0dc653-379f-452a-8b9e-2a706418eac8 в workspace 694c8d4f-65f6-45f1-95a2-0edbc610db4c
2026-05-05 14:30:52,764 - src.ui.methods.ui_state - INFO - ✗ Ошибка включения автообновления: Ошибка 400 при запросе к https://api.powerbi.com/v1.0/myorg/groups/694c8d4f-65f6-45f1-95a2-0edbc610db4c/datasets/1f0dc653-379f-452a-8b9e-2a706418eac8/refreshSchedule: {"error":{"code":"BadRequest","message":"Bad Request","details":[{"message":"Invalid value","target":"datasetModelRefreshSchedule"}]}}
2026-05-05 14:49:58,349 - dependencies - INFO - Все зависимости установлены.
2026-05-05 14:49:58,902 - src.core.dependencies - INFO - Все зависимости установлены.
2026-05-05 14:49:58,903 - src.ui.methods.ui_state - INFO - Система готова к подключению. Нажмите кнопку 'Подключить'.
2026-05-05 14:50:01,515 - src.ui.methods.ui_state - INFO - Попытка подключения к Power BI...
2026-05-05 14:50:01,523 - azure.identity._internal.decorators - WARNING - AzureCliCredential.get_token failed: Azure CLI not found on path
2026-05-05 14:50:01,529 - azure.core.pipeline.policies.http_logging_policy - INFO - Request URL: 'https://login.microsoftonline.com/organizations/v2.0/.well-known/openid-configuration'
Request method: 'GET'
Request headers:
    'User-Agent': 'azsdk-python-identity/1.25.3 Python/3.14.3 (Windows-10-10.0.19044-SP0)'
No body was attached to the request
2026-05-05 14:50:02,319 - azure.core.pipeline.policies.http_logging_policy - INFO - Response status: 200
Response headers:
    'Cache-Control': 'max-age=86400, private'
    'Content-Type': 'application/json; charset=utf-8'
    'Strict-Transport-Security': 'REDACTED'
    'X-Content-Type-Options': 'REDACTED'
    'Access-Control-Allow-Origin': 'REDACTED'
    'Access-Control-Allow-Methods': 'REDACTED'
    'P3P': 'REDACTED'
    'x-ms-request-id': '4de15983-544f-489f-bd65-4451ad6b1900'
    'x-ms-ests-server': 'REDACTED'
    'x-ms-srs': 'REDACTED'
    'Content-Security-Policy-Report-Only': 'REDACTED'
    'X-XSS-Protection': 'REDACTED'
    'Set-Cookie': 'REDACTED'
    'Date': 'Tue, 05 May 2026 09:50:02 GMT'
    'Content-Length': '1777'
2026-05-05 14:50:05,250 - azure.core.pipeline.policies.http_logging_policy - INFO - Request URL: 'https://login.microsoftonline.com/organizations/oauth2/v2.0/token'
Request method: 'POST'
Request headers:
    'Content-Type': 'application/x-www-form-urlencoded'
    'Accept': 'application/json'
    'x-client-sku': 'REDACTED'
    'x-client-ver': 'REDACTED'
    'x-client-os': 'REDACTED'
    'x-ms-lib-capability': 'REDACTED'
    'client-request-id': 'REDACTED'
    'x-client-current-telemetry': 'REDACTED'
    'x-client-last-telemetry': 'REDACTED'
    'X-AnchorMailbox': 'REDACTED'
    'User-Agent': 'azsdk-python-identity/1.25.3 Python/3.14.3 (Windows-10-10.0.19044-SP0)'
A body is sent with the request
2026-05-05 14:50:05,506 - azure.core.pipeline.policies.http_logging_policy - INFO - Response status: 200
Response headers:
    'Cache-Control': 'no-store, no-cache'
    'Pragma': 'no-cache'
    'Content-Type': 'application/json; charset=utf-8'
    'Expires': '-1'
    'Strict-Transport-Security': 'REDACTED'
    'X-Content-Type-Options': 'REDACTED'
    'x-ms-clientdata': 'REDACTED'
    'P3P': 'REDACTED'
    'client-request-id': 'REDACTED'
    'x-ms-request-id': '7cacae66-0bad-412a-ae30-b3ad3dfe0700'
    'x-ms-ests-server': 'REDACTED'
    'x-ms-clitelem': 'REDACTED'
    'x-ms-srs': 'REDACTED'
    'Content-Security-Policy-Report-Only': 'REDACTED'
    'X-XSS-Protection': 'REDACTED'
    'Set-Cookie': 'REDACTED'
    'Date': 'Tue, 05 May 2026 09:50:05 GMT'
    'Content-Length': '6251'
2026-05-05 14:50:05,507 - azure.identity._internal.interactive - INFO - InteractiveBrowserCredential.get_token succeeded
2026-05-05 14:50:05,507 - src.core.powerbi_client - INFO - Аутентификация через Interactive Browser успешна.
2026-05-05 14:50:05,508 - src.ui.methods.ui_state - INFO - ✓ Аутентификация успешна (метод: Interactive Browser)
2026-05-05 14:50:06,779 - src.ui.methods.ui_state - INFO - ✓ Загружено рабочих областей: 2
2026-05-05 14:50:06,780 - src.ui.methods.ui_state - INFO - Выбрана рабочая область: PROFISOFT
2026-05-05 14:50:06,781 - src.ui.methods.ui_state - INFO - Загрузка датасетов из рабочей области 694c8d4f-65f6-45f1-95a2-0edbc610db4c...
2026-05-05 14:50:36,556 - src.ui.methods.ui_state - INFO - ✓ Загружено датасетов: 13
2026-05-05 14:50:36,558 - src.ui.methods.ui_state - INFO - UI обновлен для состояния 'подключено'
2026-05-05 14:50:36,558 - src.ui.methods.ui_state - INFO - Загрузка датасетов из рабочей области 694c8d4f-65f6-45f1-95a2-0edbc610db4c...
2026-05-05 14:50:40,981 - src.ui.methods.ui_state - INFO - ✓ Загружено датасетов: 13
2026-05-05 14:50:46,580 - src.ui.methods.ui_state - INFO - Не выбран датасет или рабочая область
2026-05-05 14:50:49,819 - src.ui.methods.ui_state - INFO - Выбран датасет: vac
2026-05-05 14:50:53,555 - src.ui.methods.ui_state - INFO - Включение автообновления для датасета vac...
2026-05-05 14:50:53,833 - src.core.refresh_operations - INFO - Включение автообновления для датасета 1f0dc653-379f-452a-8b9e-2a706418eac8 в workspace 694c8d4f-65f6-45f1-95a2-0edbc610db4c
2026-05-05 14:50:53,966 - src.ui.methods.ui_state - INFO - ✗ Ошибка включения автообновления: Ошибка 400 при запросе к https://api.powerbi.com/v1.0/myorg/groups/694c8d4f-65f6-45f1-95a2-0edbc610db4c/datasets/1f0dc653-379f-452a-8b9e-2a706418eac8/refreshSchedule: {"error":{"code":"BadRequest","message":"Bad Request","details":[{"message":"Invalid value","target":"datasetModelRefreshSchedule"}]}}
2026-05-05 15:02:57,456 - dependencies - INFO - Все зависимости установлены.
2026-05-05 15:02:57,573 - src.core.dependencies - INFO - Все зависимости установлены.
2026-05-05 15:02:57,574 - src.ui.methods.ui_state - INFO - Система готова к подключению. Нажмите кнопку 'Подключить'.
2026-05-05 15:02:58,907 - src.ui.methods.ui_state - INFO - Попытка подключения к Power BI...
2026-05-05 15:02:58,915 - azure.identity._internal.decorators - WARNING - AzureCliCredential.get_token failed: Azure CLI not found on path
2026-05-05 15:02:58,922 - azure.core.pipeline.policies.http_logging_policy - INFO - Request URL: 'https://login.microsoftonline.com/organizations/v2.0/.well-known/openid-configuration'
Request method: 'GET'
Request headers:
    'User-Agent': 'azsdk-python-identity/1.25.3 Python/3.14.3 (Windows-10-10.0.19044-SP0)'
No body was attached to the request
2026-05-05 15:02:59,727 - azure.core.pipeline.policies.http_logging_policy - INFO - Response status: 200
Response headers:
    'Cache-Control': 'max-age=86400, private'
    'Content-Type': 'application/json; charset=utf-8'
    'Strict-Transport-Security': 'REDACTED'
    'X-Content-Type-Options': 'REDACTED'
    'Access-Control-Allow-Origin': 'REDACTED'
    'Access-Control-Allow-Methods': 'REDACTED'
    'P3P': 'REDACTED'
    'x-ms-request-id': '56e787e3-a29c-4d2a-b4a1-6dda0cc46900'
    'x-ms-ests-server': 'REDACTED'
    'x-ms-srs': 'REDACTED'
    'Content-Security-Policy-Report-Only': 'REDACTED'
    'X-XSS-Protection': 'REDACTED'
    'Set-Cookie': 'REDACTED'
    'Date': 'Tue, 05 May 2026 10:02:58 GMT'
    'Content-Length': '1777'
2026-05-05 15:03:02,339 - azure.core.pipeline.policies.http_logging_policy - INFO - Request URL: 'https://login.microsoftonline.com/organizations/oauth2/v2.0/token'
Request method: 'POST'
Request headers:
    'Content-Type': 'application/x-www-form-urlencoded'
    'Accept': 'application/json'
    'x-client-sku': 'REDACTED'
    'x-client-ver': 'REDACTED'
    'x-client-os': 'REDACTED'
    'x-ms-lib-capability': 'REDACTED'
    'client-request-id': 'REDACTED'
    'x-client-current-telemetry': 'REDACTED'
    'x-client-last-telemetry': 'REDACTED'
    'X-AnchorMailbox': 'REDACTED'
    'User-Agent': 'azsdk-python-identity/1.25.3 Python/3.14.3 (Windows-10-10.0.19044-SP0)'
A body is sent with the request
2026-05-05 15:03:02,627 - azure.core.pipeline.policies.http_logging_policy - INFO - Response status: 200
Response headers:
    'Cache-Control': 'no-store, no-cache'
    'Pragma': 'no-cache'
    'Content-Type': 'application/json; charset=utf-8'
    'Expires': '-1'
    'Strict-Transport-Security': 'REDACTED'
    'X-Content-Type-Options': 'REDACTED'
    'x-ms-clientdata': 'REDACTED'
    'P3P': 'REDACTED'
    'client-request-id': 'REDACTED'
    'x-ms-request-id': '621b66c1-969b-4a97-90a4-ebdeb69e6200'
    'x-ms-ests-server': 'REDACTED'
    'x-ms-clitelem': 'REDACTED'
    'x-ms-srs': 'REDACTED'
    'Content-Security-Policy-Report-Only': 'REDACTED'
    'X-XSS-Protection': 'REDACTED'
    'Set-Cookie': 'REDACTED'
    'Date': 'Tue, 05 May 2026 10:03:01 GMT'
    'Content-Length': '6258'
2026-05-05 15:03:02,630 - azure.identity._internal.interactive - INFO - InteractiveBrowserCredential.get_token succeeded
2026-05-05 15:03:02,630 - src.core.powerbi_client - INFO - Аутентификация через Interactive Browser успешна.
2026-05-05 15:03:02,631 - src.ui.methods.ui_state - INFO - ✓ Аутентификация успешна (метод: Interactive Browser)
2026-05-05 15:03:03,690 - src.ui.methods.ui_state - INFO - ✓ Загружено рабочих областей: 2
2026-05-05 15:03:03,691 - src.ui.methods.ui_state - INFO - Выбрана рабочая область: PROFISOFT
2026-05-05 15:03:03,691 - src.ui.methods.ui_state - INFO - Загрузка датасетов из рабочей области 694c8d4f-65f6-45f1-95a2-0edbc610db4c...
2026-05-05 15:03:45,090 - src.ui.methods.ui_state - INFO - ✓ Загружено датасетов: 13
2026-05-05 15:03:45,093 - src.ui.methods.ui_state - INFO - UI обновлен для состояния 'подключено'
2026-05-05 15:03:45,094 - src.ui.methods.ui_state - INFO - Загрузка датасетов из рабочей области 694c8d4f-65f6-45f1-95a2-0edbc610db4c...
2026-05-05 15:03:50,007 - src.ui.methods.ui_state - INFO - ✓ Загружено датасетов: 13
2026-05-05 15:03:53,786 - src.ui.methods.ui_state - INFO - Выбран датасет: vac
2026-05-05 15:04:02,946 - src.ui.methods.ui_state - INFO - Включение автообновления для датасета vac...
2026-05-05 15:04:03,123 - src.core.refresh_operations - INFO - Включение автообновления для датасета 1f0dc653-379f-452a-8b9e-2a706418eac8 в workspace 694c8d4f-65f6-45f1-95a2-0edbc610db4c
2026-05-05 15:04:03,364 - src.ui.methods.ui_state - INFO - ✗ Ошибка включения автообновления: Ошибка 400 при запросе к https://api.powerbi.com/v1.0/myorg/groups/694c8d4f-65f6-45f1-95a2-0edbc610db4c/datasets/1f0dc653-379f-452a-8b9e-2a706418eac8/refreshSchedule: {"error":{"code":"BadRequest","message":"Bad Request","details":[{"message":"Invalid value","target":"datasetModelRefreshSchedule"}]}}
2026-05-05 15:14:14,209 - dependencies - INFO - Все зависимости установлены.
2026-05-05 15:14:14,344 - src.core.dependencies - INFO - Все зависимости установлены.
2026-05-05 15:14:14,345 - src.ui.methods.ui_state - INFO - Система готова к подключению. Нажмите кнопку 'Подключить'.
2026-05-05 15:14:15,721 - src.ui.methods.ui_state - INFO - Попытка подключения к Power BI...
2026-05-05 15:14:15,729 - azure.identity._internal.decorators - WARNING - AzureCliCredential.get_token failed: Azure CLI not found on path
2026-05-05 15:14:15,735 - azure.core.pipeline.policies.http_logging_policy - INFO - Request URL: 'https://login.microsoftonline.com/organizations/v2.0/.well-known/openid-configuration'
Request method: 'GET'
Request headers:
    'User-Agent': 'azsdk-python-identity/1.25.3 Python/3.14.3 (Windows-10-10.0.19044-SP0)'
No body was attached to the request
2026-05-05 15:14:16,646 - azure.core.pipeline.policies.http_logging_policy - INFO - Response status: 200
Response headers:
    'Cache-Control': 'max-age=86400, private'
    'Content-Type': 'application/json; charset=utf-8'
    'Strict-Transport-Security': 'REDACTED'
    'X-Content-Type-Options': 'REDACTED'
    'Access-Control-Allow-Origin': 'REDACTED'
    'Access-Control-Allow-Methods': 'REDACTED'
    'P3P': 'REDACTED'
    'x-ms-request-id': '97b95546-23de-481e-87ab-785f194a0d01'
    'x-ms-ests-server': 'REDACTED'
    'x-ms-srs': 'REDACTED'
    'Content-Security-Policy-Report-Only': 'REDACTED'
    'X-XSS-Protection': 'REDACTED'
    'Set-Cookie': 'REDACTED'
    'Date': 'Tue, 05 May 2026 10:14:16 GMT'
    'Content-Length': '1777'
2026-05-05 15:14:19,520 - azure.core.pipeline.policies.http_logging_policy - INFO - Request URL: 'https://login.microsoftonline.com/organizations/oauth2/v2.0/token'
Request method: 'POST'
Request headers:
    'Content-Type': 'application/x-www-form-urlencoded'
    'Accept': 'application/json'
    'x-client-sku': 'REDACTED'
    'x-client-ver': 'REDACTED'
    'x-client-os': 'REDACTED'
    'x-ms-lib-capability': 'REDACTED'
    'client-request-id': 'REDACTED'
    'x-client-current-telemetry': 'REDACTED'
    'x-client-last-telemetry': 'REDACTED'
    'X-AnchorMailbox': 'REDACTED'
    'User-Agent': 'azsdk-python-identity/1.25.3 Python/3.14.3 (Windows-10-10.0.19044-SP0)'
A body is sent with the request
2026-05-05 15:14:19,792 - azure.core.pipeline.policies.http_logging_policy - INFO - Response status: 200
Response headers:
    'Cache-Control': 'no-store, no-cache'
    'Pragma': 'no-cache'
    'Content-Type': 'application/json; charset=utf-8'
    'Expires': '-1'
    'Strict-Transport-Security': 'REDACTED'
    'X-Content-Type-Options': 'REDACTED'
    'x-ms-clientdata': 'REDACTED'
    'P3P': 'REDACTED'
    'client-request-id': 'REDACTED'
    'x-ms-request-id': 'e992a32b-7619-445b-8d6e-d9da445c6100'
    'x-ms-ests-server': 'REDACTED'
    'x-ms-clitelem': 'REDACTED'
    'x-ms-srs': 'REDACTED'
    'Content-Security-Policy-Report-Only': 'REDACTED'
    'X-XSS-Protection': 'REDACTED'
    'Set-Cookie': 'REDACTED'
    'Date': 'Tue, 05 May 2026 10:14:19 GMT'
    'Content-Length': '6259'
2026-05-05 15:14:19,794 - azure.identity._internal.interactive - INFO - InteractiveBrowserCredential.get_token succeeded
2026-05-05 15:14:19,795 - src.core.powerbi_client - INFO - Аутентификация через Interactive Browser успешна.
2026-05-05 15:14:19,796 - src.ui.methods.ui_state - INFO - ✓ Аутентификация успешна (метод: Interactive Browser)
2026-05-05 15:14:26,360 - src.ui.methods.ui_state - INFO - ✓ Загружено рабочих областей: 2
2026-05-05 15:14:26,361 - src.ui.methods.ui_state - INFO - Выбрана рабочая область: PROFISOFT
2026-05-05 15:14:26,362 - src.ui.methods.ui_state - INFO - Загрузка датасетов из рабочей области 694c8d4f-65f6-45f1-95a2-0edbc610db4c...
2026-05-05 15:14:39,558 - src.ui.methods.ui_state - INFO - ✓ Загружено датасетов: 13
2026-05-05 15:14:39,560 - src.ui.methods.ui_state - INFO - UI обновлен для состояния 'подключено'
2026-05-05 15:14:39,560 - src.ui.methods.ui_state - INFO - Загрузка датасетов из рабочей области 694c8d4f-65f6-45f1-95a2-0edbc610db4c...
2026-05-05 15:14:44,493 - src.ui.methods.ui_state - INFO - ✓ Загружено датасетов: 13
2026-05-05 15:14:51,105 - src.ui.methods.ui_state - INFO - Выбран датасет: vac
2026-05-05 15:14:51,970 - src.ui.methods.ui_state - INFO - Включение автообновления для датасета vac...
2026-05-05 15:14:52,450 - src.core.refresh_operations - INFO - Включение автообновления для датасета 1f0dc653-379f-452a-8b9e-2a706418eac8 в workspace 694c8d4f-65f6-45f1-95a2-0edbc610db4c
2026-05-05 15:14:52,630 - src.ui.methods.ui_state - INFO - ✗ Ошибка включения автообновления: Ошибка 400 при запросе к https://api.powerbi.com/v1.0/myorg/groups/694c8d4f-65f6-45f1-95a2-0edbc610db4c/datasets/1f0dc653-379f-452a-8b9e-2a706418eac8/refreshSchedule: {"error":{"code":"BadRequest","message":"Bad Request","details":[{"message":"Invalid value","target":"datasetModelRefreshSchedule"}]}}
2026-05-05 15:20:02,129 - src.ui.methods.ui_state - INFO - Включение автообновления для датасета vac...
2026-05-05 15:20:32,835 - src.ui.methods.ui_state - INFO - ✗ Ошибка включения автообновления: Ошибка сети при запросе к https://api.powerbi.com/v1.0/myorg/groups/694c8d4f-65f6-45f1-95a2-0edbc610db4c/datasets/1f0dc653-379f-452a-8b9e-2a706418eac8/refreshSchedule: HTTPSConnectionPool(host='api.powerbi.com', port=443): Read timed out. (read timeout=30)
2026-05-05 16:49:37,976 - dependencies - INFO - Все зависимости установлены.
2026-05-05 16:49:38,476 - src.core.dependencies - INFO - Все зависимости установлены.
2026-05-05 16:49:38,477 - src.ui.methods.ui_state - INFO - Система готова к подключению. Нажмите кнопку 'Подключить'.
2026-05-05 16:49:39,668 - src.ui.methods.ui_state - INFO - Попытка подключения к Power BI...
2026-05-05 16:49:39,675 - azure.identity._internal.decorators - WARNING - AzureCliCredential.get_token failed: Azure CLI not found on path
2026-05-05 16:49:39,682 - azure.core.pipeline.policies.http_logging_policy - INFO - Request URL: 'https://login.microsoftonline.com/organizations/v2.0/.well-known/openid-configuration'
Request method: 'GET'
Request headers:
    'User-Agent': 'azsdk-python-identity/1.25.3 Python/3.14.3 (Windows-10-10.0.19044-SP0)'
No body was attached to the request
2026-05-05 16:49:40,604 - azure.core.pipeline.policies.http_logging_policy - INFO - Response status: 200
Response headers:
    'Cache-Control': 'max-age=86400, private'
    'Content-Type': 'application/json; charset=utf-8'
    'Strict-Transport-Security': 'REDACTED'
    'X-Content-Type-Options': 'REDACTED'
    'Access-Control-Allow-Origin': 'REDACTED'
    'Access-Control-Allow-Methods': 'REDACTED'
    'P3P': 'REDACTED'
    'x-ms-request-id': '6a50f0ca-8aed-4ed0-a51c-31508ffd2400'
    'x-ms-ests-server': 'REDACTED'
    'x-ms-srs': 'REDACTED'
    'Content-Security-Policy-Report-Only': 'REDACTED'
    'X-XSS-Protection': 'REDACTED'
    'Set-Cookie': 'REDACTED'
    'Date': 'Tue, 05 May 2026 11:49:39 GMT'
    'Content-Length': '1777'
2026-05-05 16:49:43,868 - azure.core.pipeline.policies.http_logging_policy - INFO - Request URL: 'https://login.microsoftonline.com/organizations/oauth2/v2.0/token'
Request method: 'POST'
Request headers:
    'Content-Type': 'application/x-www-form-urlencoded'
    'Accept': 'application/json'
    'x-client-sku': 'REDACTED'
    'x-client-ver': 'REDACTED'
    'x-client-os': 'REDACTED'
    'x-ms-lib-capability': 'REDACTED'
    'client-request-id': 'REDACTED'
    'x-client-current-telemetry': 'REDACTED'
    'x-client-last-telemetry': 'REDACTED'
    'X-AnchorMailbox': 'REDACTED'
    'User-Agent': 'azsdk-python-identity/1.25.3 Python/3.14.3 (Windows-10-10.0.19044-SP0)'
A body is sent with the request
2026-05-05 16:49:44,111 - azure.core.pipeline.policies.http_logging_policy - INFO - Response status: 200
Response headers:
    'Cache-Control': 'no-store, no-cache'
    'Pragma': 'no-cache'
    'Content-Type': 'application/json; charset=utf-8'
    'Expires': '-1'
    'Strict-Transport-Security': 'REDACTED'
    'X-Content-Type-Options': 'REDACTED'
    'x-ms-clientdata': 'REDACTED'
    'P3P': 'REDACTED'
    'client-request-id': 'REDACTED'
    'x-ms-request-id': '9ec2613f-a26b-4b93-9d3e-15a1dabc0700'
    'x-ms-ests-server': 'REDACTED'
    'x-ms-clitelem': 'REDACTED'
    'x-ms-srs': 'REDACTED'
    'Content-Security-Policy-Report-Only': 'REDACTED'
    'X-XSS-Protection': 'REDACTED'
    'Set-Cookie': 'REDACTED'
    'Date': 'Tue, 05 May 2026 11:49:43 GMT'
    'Content-Length': '6252'
2026-05-05 16:49:44,112 - azure.identity._internal.interactive - INFO - InteractiveBrowserCredential.get_token succeeded
2026-05-05 16:49:44,112 - src.core.powerbi_client - INFO - Аутентификация через Interactive Browser успешна.
2026-05-05 16:49:44,113 - src.ui.methods.ui_state - INFO - ✓ Аутентификация успешна (метод: Interactive Browser)
2026-05-05 16:49:45,157 - src.ui.methods.ui_state - INFO - ✓ Загружено рабочих областей: 2
2026-05-05 16:49:45,158 - src.ui.methods.ui_state - INFO - Выбрана рабочая область: PROFISOFT
2026-05-05 16:49:45,158 - src.ui.methods.ui_state - INFO - Загрузка датасетов из рабочей области 694c8d4f-65f6-45f1-95a2-0edbc610db4c...
2026-05-05 16:49:52,575 - src.ui.methods.ui_state - INFO - ✓ Загружено датасетов: 13
2026-05-05 16:49:52,578 - src.ui.methods.ui_state - INFO - UI обновлен для состояния 'подключено'
2026-05-05 16:49:52,578 - src.ui.methods.ui_state - INFO - Загрузка датасетов из рабочей области 694c8d4f-65f6-45f1-95a2-0edbc610db4c...
2026-05-05 16:49:57,539 - src.ui.methods.ui_state - INFO - ✓ Загружено датасетов: 13
2026-05-05 16:49:58,948 - src.ui.methods.ui_state - INFO - Выбран датасет: crm
2026-05-05 16:49:59,708 - src.ui.methods.ui_state - INFO - Выбран датасет: vac
2026-05-05 16:50:03,140 - src.ui.methods.ui_state - INFO - Включение автообновления для датасета vac...
2026-05-05 16:50:03,352 - src.core.refresh_operations - INFO - Включение автообновления для датасета 1f0dc653-379f-452a-8b9e-2a706418eac8 в workspace 694c8d4f-65f6-45f1-95a2-0edbc610db4c
2026-05-05 16:50:03,492 - src.ui.methods.ui_state - INFO - ✗ Ошибка включения автообновления: Ошибка 400 при запросе к https://api.powerbi.com/v1.0/myorg/groups/694c8d4f-65f6-45f1-95a2-0edbc610db4c/datasets/1f0dc653-379f-452a-8b9e-2a706418eac8/refreshSchedule: {"error":{"code":"BadRequest","message":"Bad Request","details":[{"message":"Invalid value","target":"datasetModelRefreshSchedule"}]}}
2026-05-05 17:12:04,390 - dependencies - INFO - Все зависимости установлены.
2026-05-05 17:12:04,508 - src.core.dependencies - INFO - Все зависимости установлены.
2026-05-05 17:12:04,509 - src.ui.methods.ui_state - INFO - Система готова к подключению. Нажмите кнопку 'Подключить'.
2026-05-05 17:12:05,970 - src.ui.methods.ui_state - INFO - Попытка подключения к Power BI...
2026-05-05 17:12:05,978 - azure.identity._internal.decorators - WARNING - AzureCliCredential.get_token failed: Azure CLI not found on path
2026-05-05 17:12:05,986 - azure.core.pipeline.policies.http_logging_policy - INFO - Request URL: 'https://login.microsoftonline.com/organizations/v2.0/.well-known/openid-configuration'
Request method: 'GET'
Request headers:
    'User-Agent': 'azsdk-python-identity/1.25.3 Python/3.14.3 (Windows-10-10.0.19044-SP0)'
No body was attached to the request
2026-05-05 17:12:06,854 - azure.core.pipeline.policies.http_logging_policy - INFO - Response status: 200
Response headers:
    'Cache-Control': 'max-age=86400, private'
    'Content-Type': 'application/json; charset=utf-8'
    'Strict-Transport-Security': 'REDACTED'
    'X-Content-Type-Options': 'REDACTED'
    'Access-Control-Allow-Origin': 'REDACTED'
    'Access-Control-Allow-Methods': 'REDACTED'
    'P3P': 'REDACTED'
    'x-ms-request-id': '5ad5c659-6590-4b6e-b1d9-4a5df5db5c00'
    'x-ms-ests-server': 'REDACTED'
    'x-ms-srs': 'REDACTED'
    'Content-Security-Policy-Report-Only': 'REDACTED'
    'X-XSS-Protection': 'REDACTED'
    'Set-Cookie': 'REDACTED'
    'Date': 'Tue, 05 May 2026 12:12:06 GMT'
    'Content-Length': '1777'
2026-05-05 17:12:10,839 - azure.core.pipeline.policies.http_logging_policy - INFO - Request URL: 'https://login.microsoftonline.com/organizations/oauth2/v2.0/token'
Request method: 'POST'
Request headers:
    'Content-Type': 'application/x-www-form-urlencoded'
    'Accept': 'application/json'
    'x-client-sku': 'REDACTED'
    'x-client-ver': 'REDACTED'
    'x-client-os': 'REDACTED'
    'x-ms-lib-capability': 'REDACTED'
    'client-request-id': 'REDACTED'
    'x-client-current-telemetry': 'REDACTED'
    'x-client-last-telemetry': 'REDACTED'
    'X-AnchorMailbox': 'REDACTED'
    'User-Agent': 'azsdk-python-identity/1.25.3 Python/3.14.3 (Windows-10-10.0.19044-SP0)'
A body is sent with the request
2026-05-05 17:12:11,061 - azure.core.pipeline.policies.http_logging_policy - INFO - Response status: 200
Response headers:
    'Cache-Control': 'no-store, no-cache'
    'Pragma': 'no-cache'
    'Content-Type': 'application/json; charset=utf-8'
    'Expires': '-1'
    'Strict-Transport-Security': 'REDACTED'
    'X-Content-Type-Options': 'REDACTED'
    'x-ms-clientdata': 'REDACTED'
    'P3P': 'REDACTED'
    'client-request-id': 'REDACTED'
    'x-ms-request-id': 'c3cb488d-f542-488a-89d9-538e89a97100'
    'x-ms-ests-server': 'REDACTED'
    'x-ms-clitelem': 'REDACTED'
    'x-ms-srs': 'REDACTED'
    'Content-Security-Policy-Report-Only': 'REDACTED'
    'X-XSS-Protection': 'REDACTED'
    'Set-Cookie': 'REDACTED'
    'Date': 'Tue, 05 May 2026 12:12:10 GMT'
    'Content-Length': '6248'
2026-05-05 17:12:11,062 - azure.identity._internal.interactive - INFO - InteractiveBrowserCredential.get_token succeeded
2026-05-05 17:12:11,062 - src.core.powerbi_client - INFO - Аутентификация через Interactive Browser успешна.
2026-05-05 17:12:11,063 - src.ui.methods.ui_state - INFO - ✓ Аутентификация успешна (метод: Interactive Browser)
2026-05-05 17:12:12,058 - src.ui.methods.ui_state - INFO - ✓ Загружено рабочих областей: 2
2026-05-05 17:12:12,058 - src.ui.methods.ui_state - INFO - Выбрана рабочая область: PROFISOFT
2026-05-05 17:12:12,058 - src.ui.methods.ui_state - INFO - Загрузка датасетов из рабочей области 694c8d4f-65f6-45f1-95a2-0edbc610db4c...
2026-05-05 17:12:43,399 - src.ui.methods.ui_state - INFO - ✓ Загружено датасетов: 13
2026-05-05 17:12:43,401 - src.ui.methods.ui_state - INFO - UI обновлен для состояния 'подключено'
2026-05-05 17:12:43,401 - src.ui.methods.ui_state - INFO - Загрузка датасетов из рабочей области 694c8d4f-65f6-45f1-95a2-0edbc610db4c...
2026-05-05 17:12:47,887 - src.ui.methods.ui_state - INFO - ✓ Загружено датасетов: 13
2026-05-05 17:13:15,731 - src.ui.methods.ui_state - INFO - Загрузка датасетов из рабочей области 694c8d4f-65f6-45f1-95a2-0edbc610db4c...
2026-05-05 17:13:20,700 - src.ui.methods.ui_state - INFO - ✓ Загружено датасетов: 13
2026-05-05 17:13:27,300 - src.ui.methods.ui_state - INFO - Обновление данных...
2026-05-05 17:13:27,300 - src.ui.methods.ui_state - INFO - Загрузка датасетов из рабочей области 694c8d4f-65f6-45f1-95a2-0edbc610db4c...
2026-05-05 17:13:31,671 - src.ui.methods.ui_state - INFO - ✓ Загружено датасетов: 13
2026-05-05 17:13:31,672 - src.ui.methods.ui_state - INFO - ✓ Данные обновлены
2026-05-05 17:13:42,411 - src.ui.methods.ui_state - INFO - Обновление данных...
2026-05-05 17:13:42,412 - src.ui.methods.ui_state - INFO - Загрузка датасетов из рабочей области 694c8d4f-65f6-45f1-95a2-0edbc610db4c...
2026-05-05 17:13:47,515 - src.ui.methods.ui_state - INFO - ✓ Загружено датасетов: 13
2026-05-05 17:13:47,517 - src.ui.methods.ui_state - INFO - ✓ Данные обновлены
2026-05-05 17:13:51,906 - src.ui.methods.ui_state - INFO - Выбран датасет: vac
2026-05-05 17:13:54,307 - src.ui.methods.ui_state - INFO - Включение автообновления для датасета vac...
2026-05-05 17:13:54,487 - src.core.refresh_operations - INFO - Включение автообновления для датасета 1f0dc653-379f-452a-8b9e-2a706418eac8 в workspace 694c8d4f-65f6-45f1-95a2-0edbc610db4c
2026-05-05 17:13:54,747 - src.ui.methods.ui_state - INFO - ✗ Ошибка включения автообновления: Не удалось разобрать JSON ответ от https://api.powerbi.com/v1.0/myorg/groups/694c8d4f-65f6-45f1-95a2-0edbc610db4c/datasets/1f0dc653-379f-452a-8b9e-2a706418eac8/refreshSchedule: Expecting value: line 1 column 1 (char 0)
2026-05-05 17:16:58,862 - dependencies - INFO - Все зависимости установлены.
2026-05-05 17:16:58,985 - src.core.dependencies - INFO - Все зависимости установлены.
2026-05-05 17:16:58,986 - src.ui.methods.ui_state - INFO - Система готова к подключению. Нажмите кнопку 'Подключить'.
2026-05-05 17:17:03,995 - src.ui.methods.ui_state - INFO - Попытка подключения к Power BI...
2026-05-05 17:17:04,002 - azure.identity._internal.decorators - WARNING - AzureCliCredential.get_token failed: Azure CLI not found on path
2026-05-05 17:17:04,009 - azure.core.pipeline.policies.http_logging_policy - INFO - Request URL: 'https://login.microsoftonline.com/organizations/v2.0/.well-known/openid-configuration'
Request method: 'GET'
Request headers:
    'User-Agent': 'azsdk-python-identity/1.25.3 Python/3.14.3 (Windows-10-10.0.19044-SP0)'
No body was attached to the request
2026-05-05 17:17:05,890 - azure.core.pipeline.policies.http_logging_policy - INFO - Response status: 200
Response headers:
    'Cache-Control': 'max-age=86400, private'
    'Content-Type': 'application/json; charset=utf-8'
    'Strict-Transport-Security': 'REDACTED'
    'X-Content-Type-Options': 'REDACTED'
    'Access-Control-Allow-Origin': 'REDACTED'
    'Access-Control-Allow-Methods': 'REDACTED'
    'P3P': 'REDACTED'
    'x-ms-request-id': 'abc69c99-08f5-4443-b384-06c39d675800'
    'x-ms-ests-server': 'REDACTED'
    'x-ms-srs': 'REDACTED'
    'Content-Security-Policy-Report-Only': 'REDACTED'
    'X-XSS-Protection': 'REDACTED'
    'Set-Cookie': 'REDACTED'
    'Date': 'Tue, 05 May 2026 12:17:04 GMT'
    'Content-Length': '1777'
2026-05-05 17:17:08,607 - azure.core.pipeline.policies.http_logging_policy - INFO - Request URL: 'https://login.microsoftonline.com/organizations/oauth2/v2.0/token'
Request method: 'POST'
Request headers:
    'Content-Type': 'application/x-www-form-urlencoded'
    'Accept': 'application/json'
    'x-client-sku': 'REDACTED'
    'x-client-ver': 'REDACTED'
    'x-client-os': 'REDACTED'
    'x-ms-lib-capability': 'REDACTED'
    'client-request-id': 'REDACTED'
    'x-client-current-telemetry': 'REDACTED'
    'x-client-last-telemetry': 'REDACTED'
    'X-AnchorMailbox': 'REDACTED'
    'User-Agent': 'azsdk-python-identity/1.25.3 Python/3.14.3 (Windows-10-10.0.19044-SP0)'
A body is sent with the request
2026-05-05 17:17:09,116 - azure.core.pipeline.policies.http_logging_policy - INFO - Response status: 200
Response headers:
    'Cache-Control': 'no-store, no-cache'
    'Pragma': 'no-cache'
    'Content-Type': 'application/json; charset=utf-8'
    'Expires': '-1'
    'Strict-Transport-Security': 'REDACTED'
    'X-Content-Type-Options': 'REDACTED'
    'x-ms-clientdata': 'REDACTED'
    'P3P': 'REDACTED'
    'client-request-id': 'REDACTED'
    'x-ms-request-id': '6760cfbb-6e12-4db8-b8ec-aa9666750300'
    'x-ms-ests-server': 'REDACTED'
    'x-ms-clitelem': 'REDACTED'
    'x-ms-srs': 'REDACTED'
    'Content-Security-Policy-Report-Only': 'REDACTED'
    'X-XSS-Protection': 'REDACTED'
    'Set-Cookie': 'REDACTED'
    'Date': 'Tue, 05 May 2026 12:17:07 GMT'
    'Content-Length': '6248'
2026-05-05 17:17:09,119 - azure.identity._internal.interactive - INFO - InteractiveBrowserCredential.get_token succeeded
2026-05-05 17:17:09,120 - src.core.powerbi_client - INFO - Аутентификация через Interactive Browser успешна.
2026-05-05 17:17:09,121 - src.ui.methods.ui_state - INFO - ✓ Аутентификация успешна (метод: Interactive Browser)
2026-05-05 17:17:15,214 - src.ui.methods.ui_state - INFO - ✓ Загружено рабочих областей: 2
2026-05-05 17:17:15,215 - src.ui.methods.ui_state - INFO - Выбрана рабочая область: PROFISOFT
2026-05-05 17:17:15,215 - src.ui.methods.ui_state - INFO - Загрузка датасетов из рабочей области 694c8d4f-65f6-45f1-95a2-0edbc610db4c...
2026-05-05 17:17:52,967 - src.ui.methods.ui_state - INFO - ✓ Загружено датасетов: 13
2026-05-05 17:17:52,970 - src.ui.methods.ui_state - INFO - UI обновлен для состояния 'подключено'
2026-05-05 17:17:52,970 - src.ui.methods.ui_state - INFO - Загрузка датасетов из рабочей области 694c8d4f-65f6-45f1-95a2-0edbc610db4c...
2026-05-05 17:17:57,618 - src.ui.methods.ui_state - INFO - ✓ Загружено датасетов: 13
2026-05-05 17:18:04,402 - src.ui.methods.ui_state - INFO - Выбран датасет: vac
2026-05-05 17:18:06,490 - src.ui.methods.ui_state - INFO - Включение автообновления для датасета vac...
2026-05-05 17:18:06,686 - src.core.refresh_operations - INFO - Включение автообновления для датасета 1f0dc653-379f-452a-8b9e-2a706418eac8 в workspace 694c8d4f-65f6-45f1-95a2-0edbc610db4c
2026-05-05 17:18:07,236 - src.core.refresh_operations - INFO - Автообновление успешно включено для датасета 1f0dc653-379f-452a-8b9e-2a706418eac8
2026-05-05 17:18:07,237 - src.ui.methods.ui_state - INFO - ✓ Автообновление включено
2026-05-05 17:18:07,237 - src.ui.methods.ui_state - INFO - Обновление данных...
2026-05-05 17:18:07,237 - src.ui.methods.ui_state - INFO - Загрузка датасетов из рабочей области 694c8d4f-65f6-45f1-95a2-0edbc610db4c...
2026-05-05 17:18:14,660 - src.ui.methods.ui_state - INFO - ✓ Загружено датасетов: 13
2026-05-05 17:18:14,661 - src.ui.methods.ui_state - INFO - ✓ Данные обновлены
2026-05-05 17:18:30,042 - src.ui.methods.ui_state - INFO - Отключение автообновления для датасета vac...
2026-05-05 17:18:30,215 - src.core.refresh_operations - INFO - Отключение автообновления для датасета 1f0dc653-379f-452a-8b9e-2a706418eac8 в workspace 694c8d4f-65f6-45f1-95a2-0edbc610db4c
2026-05-05 17:18:30,442 - src.ui.methods.ui_state - INFO - ✗ Ошибка отключения автообновления: Ошибка 400 при запросе к https://api.powerbi.com/v1.0/myorg/groups/694c8d4f-65f6-45f1-95a2-0edbc610db4c/datasets/1f0dc653-379f-452a-8b9e-2a706418eac8/refreshSchedule: {"error":{"code":"InvalidRequest","message":"Refresh schedule disable should not modify other settings"}}
2026-05-05 17:23:42,421 - dependencies - INFO - Все зависимости установлены.
2026-05-05 17:23:42,568 - src.core.dependencies - INFO - Все зависимости установлены.
2026-05-05 17:23:42,569 - src.ui.methods.ui_state - INFO - Система готова к подключению. Нажмите кнопку 'Подключить'.
2026-05-05 17:23:44,002 - src.ui.methods.ui_state - INFO - Попытка подключения к Power BI...
2026-05-05 17:23:44,009 - azure.identity._internal.decorators - WARNING - AzureCliCredential.get_token failed: Azure CLI not found on path
2026-05-05 17:23:44,016 - azure.core.pipeline.policies.http_logging_policy - INFO - Request URL: 'https://login.microsoftonline.com/organizations/v2.0/.well-known/openid-configuration'
Request method: 'GET'
Request headers:
    'User-Agent': 'azsdk-python-identity/1.25.3 Python/3.14.3 (Windows-10-10.0.19044-SP0)'
No body was attached to the request
2026-05-05 17:23:44,822 - azure.core.pipeline.policies.http_logging_policy - INFO - Response status: 200
Response headers:
    'Cache-Control': 'max-age=86400, private'
    'Content-Type': 'application/json; charset=utf-8'
    'Strict-Transport-Security': 'REDACTED'
    'X-Content-Type-Options': 'REDACTED'
    'Access-Control-Allow-Origin': 'REDACTED'
    'Access-Control-Allow-Methods': 'REDACTED'
    'P3P': 'REDACTED'
    'x-ms-request-id': 'f39e4e85-2023-4dfc-9132-1c06ea430500'
    'x-ms-ests-server': 'REDACTED'
    'x-ms-srs': 'REDACTED'
    'Content-Security-Policy-Report-Only': 'REDACTED'
    'X-XSS-Protection': 'REDACTED'
    'Set-Cookie': 'REDACTED'
    'Date': 'Tue, 05 May 2026 12:23:43 GMT'
    'Content-Length': '1777'
2026-05-05 17:23:48,518 - azure.core.pipeline.policies.http_logging_policy - INFO - Request URL: 'https://login.microsoftonline.com/organizations/oauth2/v2.0/token'
Request method: 'POST'
Request headers:
    'Content-Type': 'application/x-www-form-urlencoded'
    'Accept': 'application/json'
    'x-client-sku': 'REDACTED'
    'x-client-ver': 'REDACTED'
    'x-client-os': 'REDACTED'
    'x-ms-lib-capability': 'REDACTED'
    'client-request-id': 'REDACTED'
    'x-client-current-telemetry': 'REDACTED'
    'x-client-last-telemetry': 'REDACTED'
    'X-AnchorMailbox': 'REDACTED'
    'User-Agent': 'azsdk-python-identity/1.25.3 Python/3.14.3 (Windows-10-10.0.19044-SP0)'
A body is sent with the request
2026-05-05 17:23:48,742 - azure.core.pipeline.policies.http_logging_policy - INFO - Response status: 200
Response headers:
    'Cache-Control': 'no-store, no-cache'
    'Pragma': 'no-cache'
    'Content-Type': 'application/json; charset=utf-8'
    'Expires': '-1'
    'Strict-Transport-Security': 'REDACTED'
    'X-Content-Type-Options': 'REDACTED'
    'x-ms-clientdata': 'REDACTED'
    'P3P': 'REDACTED'
    'client-request-id': 'REDACTED'
    'x-ms-request-id': '21fe7c39-3ac4-4681-81dc-c83843d40d00'
    'x-ms-ests-server': 'REDACTED'
    'x-ms-clitelem': 'REDACTED'
    'x-ms-srs': 'REDACTED'
    'Content-Security-Policy-Report-Only': 'REDACTED'
    'X-XSS-Protection': 'REDACTED'
    'Set-Cookie': 'REDACTED'
    'Date': 'Tue, 05 May 2026 12:23:47 GMT'
    'Content-Length': '6247'
2026-05-05 17:23:48,743 - azure.identity._internal.interactive - INFO - InteractiveBrowserCredential.get_token succeeded
2026-05-05 17:23:48,744 - src.core.powerbi_client - INFO - Аутентификация через Interactive Browser успешна.
2026-05-05 17:23:48,744 - src.ui.methods.ui_state - INFO - ✓ Аутентификация успешна (метод: Interactive Browser)
2026-05-05 17:23:49,966 - src.ui.methods.ui_state - INFO - ✓ Загружено рабочих областей: 2
2026-05-05 17:23:49,966 - src.ui.methods.ui_state - INFO - Выбрана рабочая область: PROFISOFT
2026-05-05 17:23:49,966 - src.ui.methods.ui_state - INFO - Загрузка датасетов из рабочей области 694c8d4f-65f6-45f1-95a2-0edbc610db4c...
2026-05-05 17:24:20,429 - src.ui.methods.ui_state - INFO - ✓ Загружено датасетов: 13
2026-05-05 17:24:20,431 - src.ui.methods.ui_state - INFO - UI обновлен для состояния 'подключено'
2026-05-05 17:24:20,431 - src.ui.methods.ui_state - INFO - Загрузка датасетов из рабочей области 694c8d4f-65f6-45f1-95a2-0edbc610db4c...
2026-05-05 17:24:25,838 - src.ui.methods.ui_state - INFO - ✓ Загружено датасетов: 13
2026-05-05 17:24:29,098 - src.ui.methods.ui_state - INFO - Выбран датасет: vac
2026-05-05 17:24:33,898 - src.ui.methods.ui_state - INFO - Отключение автообновления для датасета vac...
2026-05-05 17:24:34,113 - src.core.refresh_operations - INFO - Отключение автообновления для датасета 1f0dc653-379f-452a-8b9e-2a706418eac8 в workspace 694c8d4f-65f6-45f1-95a2-0edbc610db4c
2026-05-05 17:24:34,316 - src.core.refresh_operations - INFO - Автообновление успешно отключено для датасета 1f0dc653-379f-452a-8b9e-2a706418eac8
2026-05-05 17:24:34,316 - src.ui.methods.ui_state - INFO - ✓ Автообновление отключено
2026-05-05 17:24:34,317 - src.ui.methods.ui_state - INFO - Обновление данных...
2026-05-05 17:24:34,317 - src.ui.methods.ui_state - INFO - Загрузка датасетов из рабочей области 694c8d4f-65f6-45f1-95a2-0edbc610db4c...
2026-05-05 17:24:40,316 - src.ui.methods.ui_state - INFO - ✓ Загружено датасетов: 13
2026-05-05 17:24:40,318 - src.ui.methods.ui_state - INFO - ✓ Данные обновлены
2026-05-05 17:25:06,178 - src.ui.methods.ui_state - INFO - Загрузка датасетов из рабочей области 694c8d4f-65f6-45f1-95a2-0edbc610db4c...
2026-05-05 17:25:12,198 - src.ui.methods.ui_state - INFO - ✓ Загружено датасетов: 13
2026-05-05 17:25:48,361 - src.ui.methods.ui_state - INFO - Выбран датасет: vac
2026-05-05 17:25:52,817 - src.ui.methods.ui_state - INFO - Выбран датасет: АКБ (1)
2026-05-05 17:25:53,793 - src.ui.methods.ui_state - INFO - Выбран датасет: гЕЙМИФИКАЦИЯ (not_use)
2026-05-05 17:25:55,273 - src.ui.methods.ui_state - INFO - Выбран датасет: vac
2026-05-05 17:25:59,930 - src.ui.methods.ui_state - INFO - Включение автообновления для датасета vac...
2026-05-05 17:26:01,212 - src.core.refresh_operations - INFO - Включение автообновления для датасета 1f0dc653-379f-452a-8b9e-2a706418eac8 в workspace 694c8d4f-65f6-45f1-95a2-0edbc610db4c
2026-05-05 17:26:01,439 - src.core.refresh_operations - INFO - Автообновление успешно включено для датасета 1f0dc653-379f-452a-8b9e-2a706418eac8
2026-05-05 17:26:01,439 - src.ui.methods.ui_state - INFO - ✓ Автообновление включено
2026-05-05 17:26:01,440 - src.ui.methods.ui_state - INFO - Обновление данных...
2026-05-05 17:26:01,441 - src.ui.methods.ui_state - INFO - Загрузка датасетов из рабочей области 694c8d4f-65f6-45f1-95a2-0edbc610db4c...
2026-05-05 17:26:07,445 - src.ui.methods.ui_state - INFO - ✓ Загружено датасетов: 13
2026-05-05 17:26:07,446 - src.ui.methods.ui_state - INFO - ✓ Данные обновлены
2026-05-05 17:26:29,578 - src.ui.methods.ui_state - INFO - Применены фильтры. Показано датасетов: 10
2026-05-05 17:26:30,410 - src.ui.methods.ui_state - INFO - Применены фильтры. Показано датасетов: 13
2026-05-05 17:26:31,106 - src.ui.methods.ui_state - INFO - Применены фильтры. Показано датасетов: 10
2026-05-05 17:26:31,810 - src.ui.methods.ui_state - INFO - Применены фильтры. Показано датасетов: 13
2026-05-05 17:26:33,378 - src.ui.methods.ui_state - INFO - Применены фильтры. Показано датасетов: 11
2026-05-05 17:26:34,074 - src.ui.methods.ui_state - INFO - Применены фильтры. Показано датасетов: 13
2026-05-05 17:26:34,626 - src.ui.methods.ui_state - INFO - Применены фильтры. Показано датасетов: 13
2026-05-05 17:26:35,394 - src.ui.methods.ui_state - INFO - Применены фильтры. Показано датасетов: 13
2026-05-05 17:26:35,898 - src.ui.methods.ui_state - INFO - Применены фильтры. Показано датасетов: 13
2026-05-05 17:26:36,330 - src.ui.methods.ui_state - INFO - Применены фильтры. Показано датасетов: 13
2026-05-05 17:26:41,370 - src.ui.methods.ui_state - INFO - Применены фильтры. Показано датасетов: 13
2026-05-05 17:26:41,842 - src.ui.methods.ui_state - INFO - Применены фильтры. Показано датасетов: 13
2026-05-05 17:26:44,305 - src.ui.methods.ui_state - INFO - Применены фильтры. Показано датасетов: 1
2026-05-05 17:26:45,594 - src.ui.methods.ui_state - INFO - Применены фильтры. Показано датасетов: 13
2026-05-05 17:26:48,066 - src.ui.methods.ui_state - INFO - Применены фильтры. Показано датасетов: 0
2026-05-05 17:26:48,666 - src.ui.methods.ui_state - INFO - Применены фильтры. Показано датасетов: 13
2026-05-05 17:27:24,522 - src.ui.methods.ui_state - INFO - Применены фильтры. Показано датасетов: 11
2026-05-05 17:27:25,066 - src.ui.methods.ui_state - INFO - Применены фильтры. Показано датасетов: 13
2026-05-05 17:27:25,554 - src.ui.methods.ui_state - INFO - Применены фильтры. Показано датасетов: 13
2026-05-05 17:27:25,986 - src.ui.methods.ui_state - INFO - Применены фильтры. Показано датасетов: 13
2026-05-05 17:27:33,986 - src.ui.methods.ui_state - INFO - Применены фильтры. Показано датасетов: 1
2026-05-05 17:27:34,378 - src.ui.methods.ui_state - INFO - Применены фильтры. Показано датасетов: 13
2026-05-05 17:27:34,762 - src.ui.methods.ui_state - INFO - Применены фильтры. Показано датасетов: 10
2026-05-05 17:27:35,258 - src.ui.methods.ui_state - INFO - Применены фильтры. Показано датасетов: 13
2026-05-05 17:27:35,689 - src.ui.methods.ui_state - INFO - Применены фильтры. Показано датасетов: 0
2026-05-05 17:27:36,106 - src.ui.methods.ui_state - INFO - Применены фильтры. Показано датасетов: 13
2026-05-05 17:27:36,601 - src.ui.methods.ui_state - INFO - Применены фильтры. Показано датасетов: 0
2026-05-05 17:27:37,050 - src.ui.methods.ui_state - INFO - Применены фильтры. Показано датасетов: 13
2026-05-05 17:27:37,649 - src.ui.methods.ui_state - INFO - Применены фильтры. Показано датасетов: 0
2026-05-05 17:27:38,098 - src.ui.methods.ui_state - INFO - Применены фильтры. Показано датасетов: 13
2026-05-05 17:28:31,659 - src.ui.methods.ui_state - INFO - Отключение автообновления для датасета vac...
2026-05-05 17:28:32,890 - src.core.refresh_operations - INFO - Отключение автообновления для датасета 1f0dc653-379f-452a-8b9e-2a706418eac8 в workspace 694c8d4f-65f6-45f1-95a2-0edbc610db4c
2026-05-05 17:28:33,076 - src.core.refresh_operations - INFO - Автообновление успешно отключено для датасета 1f0dc653-379f-452a-8b9e-2a706418eac8
2026-05-05 17:28:33,077 - src.ui.methods.ui_state - INFO - ✓ Автообновление отключено
2026-05-05 17:28:33,077 - src.ui.methods.ui_state - INFO - Обновление данных...
2026-05-05 17:28:33,077 - src.ui.methods.ui_state - INFO - Загрузка датасетов из рабочей области 694c8d4f-65f6-45f1-95a2-0edbc610db4c...
2026-05-05 17:28:37,793 - src.ui.methods.ui_state - INFO - ✓ Загружено датасетов: 13
2026-05-05 17:28:37,797 - src.ui.methods.ui_state - INFO - ✓ Данные обновлены
2026-05-05 17:28:41,643 - src.ui.methods.ui_state - INFO - Включение автообновления для датасета vac...
2026-05-05 17:28:41,857 - src.core.refresh_operations - INFO - Включение автообновления для датасета 1f0dc653-379f-452a-8b9e-2a706418eac8 в workspace 694c8d4f-65f6-45f1-95a2-0edbc610db4c
2026-05-05 17:28:42,038 - src.core.refresh_operations - INFO - Автообновление успешно включено для датасета 1f0dc653-379f-452a-8b9e-2a706418eac8
2026-05-05 17:28:42,039 - src.ui.methods.ui_state - INFO - ✓ Автообновление включено
2026-05-05 17:28:42,039 - src.ui.methods.ui_state - INFO - Обновление данных...
2026-05-05 17:28:42,040 - src.ui.methods.ui_state - INFO - Загрузка датасетов из рабочей области 694c8d4f-65f6-45f1-95a2-0edbc610db4c...
2026-05-05 17:28:48,049 - src.ui.methods.ui_state - INFO - ✓ Загружено датасетов: 13
2026-05-05 17:28:48,051 - src.ui.methods.ui_state - INFO - ✓ Данные обновлены
2026-05-05 17:28:51,842 - src.ui.methods.ui_state - INFO - Запуск ручного обновления для датасета vac...
2026-05-05 17:28:51,843 - src.ui.methods.ui_state - INFO - ✗ Ошибка запуска ручного обновления: 'UIDataProvider' object has no attribute 'refresh_dataset'
